ID,CRSENUM,Grade
34555641,1,B+
34555641,2,C-
34555641,3,C+
34555641,4,B-
89388941,1,B+
89388941,2,B-
89388941,3,A-
89388941,4,A
12795232,1,B
12795232,2,B+
12795232,3,B-
12795232,4,B-
48375892,1,A
48375892,2,A
48375892,3,B+
48375892,4,A
46949660,1,B+
46949660,2,B
46949660,3,A
46949660,4,B-
46949660,5,A
43519950,1,B-
43519950,2,B
43519950,3,B+
43519950,4,B-
36776479,1,A
36776479,2,A
36776479,3,A-
36776479,4,A+
18103232,1,A-
18103232,2,A+
18103232,3,F
18103232,4,A-
19407636,1,B+
19407636,2,A-
19407636,3,B-
19407636,4,A
92148789,1,B-
92148789,2,B+
92148789,3,A
92148789,4,B-
66132344,1,C+
66132344,2,C+
66132344,3,C+
66132344,4,C-
66132344,5,C
66132344,6,B-
61550182,1,C+
61550182,2,B+
61550182,3,C+
61550182,4,B
26396706,1,B-
26396706,2,B-
26396706,3,B-
26396706,4,B-
76694584,1,A-
76694584,2,B+
76694584,3,B-
76694584,4,B
13819350,1,A
13819350,2,A
13819350,3,A
13819350,4,A-
63930067,1,B+
63930067,2,B-
63930067,3,C+
63930067,4,B-
79684829,1,B
79684829,2,C-
79684829,3,C-
79684829,4,B+
79684829,5,B
91852951,1,B+
91852951,2,A
91852951,3,B+
91852951,4,A
55864065,1,A
55864065,2,A-
55864065,3,A+
55864065,4,C+
53121769,1,A
53121769,2,B-
53121769,3,C
53121769,4,A
53121769,5,A-
53121769,6,A
59398280,1,C
59398280,2,A-
59398280,3,B+
59398280,4,A
59398280,5,A
92343199,1,A-
92343199,2,B
92343199,3,C-
92343199,4,B+
17816065,1,A
17816065,2,B+
17816065,3,A
17816065,4,C+
99360709,1,B
99360709,2,A-
99360709,3,C+
99360709,4,B-
84081313,1,B-
84081313,2,C+
84081313,3,B
84081313,4,C+
44574428,1,B-
44574428,2,C+
44574428,3,D+
44574428,4,C-
44574428,5,B-
81258425,1,B-
81258425,2,A
81258425,3,C+
81258425,4,A+
93753993,1,B
93753993,2,B
93753993,3,A
93753993,4,A
93753993,5,A
82831438,1,A-
82831438,2,B+
82831438,3,B-
82831438,4,B-
82831438,5,A-
45332354,1,A-
45332354,2,A-
45332354,3,B
45332354,4,A-
49720002,1,A
49720002,2,A
49720002,3,A+
49720002,4,A+
49720002,5,A
55978084,1,A
55978084,2,A-
55978084,3,A
55978084,4,B+
13436222,1,A-
13436222,2,B-
13436222,3,A-
13436222,4,B-
29388051,1,A-
29388051,2,A
29388051,3,A
29388051,4,A-
72817948,1,B+
72817948,2,B-
72817948,3,B-
72817948,4,A-
98429447,1,C
98429447,2,C-
98429447,3,C
98429447,4,B
98429447,5,B-
18683760,1,D+
18683760,2,C-
18683760,3,C
18683760,4,C+
24727994,1,B-
24727994,2,C-
24727994,3,C
24727994,4,B
24727994,5,C+
75309411,1,C+
75309411,2,B
75309411,3,B
75309411,4,C
18255071,1,A
18255071,2,B+
18255071,3,A
18255071,4,A+
33712031,1,A-
33712031,2,A
33712031,3,B+
33712031,4,A+
33712031,5,A-
91428136,1,B
91428136,2,A-
91428136,3,C+
91428136,4,A-
41527305,1,C-
41527305,2,D+
41527305,3,C+
41527305,4,B-
58901696,1,A
58901696,2,A
58901696,3,B+
58901696,4,B
13820403,1,B+
13820403,2,C
13820403,3,B-
13820403,4,A-
56045960,1,B+
56045960,2,A
56045960,3,C+
56045960,4,B
68298865,1,B
68298865,2,B-
68298865,3,B
68298865,4,B
39701845,1,B
39701845,2,B-
39701845,3,C+
39701845,4,A
38501908,1,B+
38501908,2,B+
38501908,3,B
38501908,4,B
37188130,1,D+
37188130,2,C+
37188130,3,F
37188130,4,C-
98721681,1,A+
98721681,2,B+
98721681,3,B+
98721681,4,A
55921529,1,C+
55921529,2,C-
55921529,3,B
55921529,4,C
25295896,1,C-
25295896,2,D+
25295896,3,D+
25295896,4,D
63520331,1,D+
63520331,2,C-
63520331,3,D
63520331,4,C
72387136,1,B-
72387136,2,C+
72387136,3,B
72387136,4,B-
72387136,5,B
23932218,1,B
23932218,2,B
23932218,3,A-
23932218,4,A
77626852,1,B
77626852,2,B+
77626852,3,B-
77626852,4,B
77626852,5,A-
22723367,1,C+
22723367,2,B
22723367,3,B-
22723367,4,B-
84219047,1,D+
84219047,2,C
84219047,3,B
84219047,4,A-
84219047,5,B-
84219047,6,B
92996812,1,C
92996812,2,B-
92996812,3,C-
92996812,4,D+
69400381,1,C
69400381,2,B+
69400381,3,C+
69400381,4,B-
63648178,1,B
63648178,2,B-
63648178,3,B-
63648178,4,B-
63648178,5,C-
32162738,1,B+
32162738,2,B-
32162738,3,A
32162738,4,A
17591760,1,A-
17591760,2,A-
17591760,3,B
17591760,4,A
17591760,5,A
24366460,1,A-
24366460,2,A
24366460,3,A-
24366460,4,A-
38972459,1,B
38972459,2,A
38972459,3,A-
38972459,4,B+
56307315,1,B-
56307315,2,C
56307315,3,B+
56307315,4,C+
56307315,5,B+
24902472,1,B
24902472,2,A-
24902472,3,B+
24902472,4,A
17434916,1,B+
17434916,2,B
17434916,3,D+
17434916,4,C+
78696536,1,C+
78696536,2,B-
78696536,3,C
78696536,4,C
78696536,5,C-
28008689,1,B-
28008689,2,C+
28008689,3,D+
28008689,4,D+
84758439,1,A-
84758439,2,B+
84758439,3,B-
84758439,4,C+
84758439,5,B+
89964779,1,C+
89964779,2,C-
89964779,3,C+
89964779,4,C+
38813550,1,A
38813550,2,A+
38813550,3,A-
38813550,4,B+
21719502,1,B-
21719502,2,C+
21719502,3,C+
21719502,4,C+
11000716,1,C-
11000716,2,C+
11000716,3,D
11000716,4,A-
11000716,5,B
63747652,1,C
63747652,2,B-
63747652,3,C-
63747652,4,C+
29724392,1,B+
29724392,2,A+
29724392,3,A
29724392,4,A-
32017884,1,C
32017884,2,D
32017884,3,C-
32017884,4,C
44635587,1,C-
44635587,2,C+
44635587,3,C+
44635587,4,B+
88032957,1,B-
88032957,2,C+
88032957,3,C
88032957,4,B
13147723,1,C+
13147723,2,B
13147723,3,C+
13147723,4,B
13551828,1,A
13551828,2,A-
13551828,3,B+
13551828,4,A
65002609,1,A-
65002609,2,A-
65002609,3,A
65002609,4,A-
75600481,1,C
75600481,2,B-
75600481,3,B-
75600481,4,C-
81039973,1,C
81039973,2,C
81039973,3,B-
81039973,4,C+
52900897,1,C-
52900897,2,B-
52900897,3,C+
52900897,4,C+
35249615,1,D+
35249615,2,C+
35249615,3,B-
35249615,4,B+
39429294,1,C-
39429294,2,C+
39429294,3,B
39429294,4,C
81596032,1,B+
81596032,2,B
81596032,3,B-
81596032,4,C
41630621,1,A
41630621,2,A-
41630621,3,F
41630621,4,B+
64151472,1,C+
64151472,2,B+
64151472,3,C+
64151472,4,C+
96889054,1,B-
96889054,2,C+
96889054,3,C+
96889054,4,B
53393384,1,A
53393384,2,A
53393384,3,A-
53393384,4,B
42379566,1,C
42379566,2,C-
42379566,3,C+
42379566,4,B+
37915113,1,A
37915113,2,B
37915113,3,A-
37915113,4,B+
88755193,1,B
88755193,2,C
88755193,3,B-
88755193,4,C
91699634,1,A
91699634,2,C+
91699634,3,B
91699634,4,B+
46031267,1,C-
46031267,2,C+
46031267,3,B
46031267,4,B-
25197903,1,A-
25197903,2,A
25197903,3,A
25197903,4,B+
25197903,5,B-
25197903,6,A
46446242,1,B-
46446242,2,A
46446242,3,A
46446242,4,B+
22011691,1,B-
22011691,2,B
22011691,3,B-
22011691,4,C+
58932765,1,C+
58932765,2,D+
58932765,3,D+
58932765,4,C
18845062,1,C
18845062,2,B+
18845062,3,B-
18845062,4,D
32106447,1,B+
32106447,2,B+
32106447,3,B+
32106447,4,A
78639244,1,B-
78639244,2,C+
78639244,3,B+
78639244,4,B
38195014,1,C
38195014,2,C+
38195014,3,D
38195014,4,C+
28030548,1,C-
28030548,2,B
28030548,3,B-
28030548,4,B+
28030548,5,C-
51341126,1,B-
51341126,2,A-
51341126,3,B
51341126,4,B
26881741,1,C+
26881741,2,C+
26881741,3,B
26881741,4,B-
71613025,1,B-
71613025,2,B+
71613025,3,B-
71613025,4,C+
16234064,1,C+
16234064,2,C+
16234064,3,C
16234064,4,B-
12930935,1,B
12930935,2,B+
12930935,3,A
12930935,4,B+
51611744,1,A
51611744,2,B
51611744,3,B
51611744,4,C+
86301626,1,F
86301626,2,A-
86301626,3,A
86301626,4,B
21597540,1,D+
21597540,2,C+
21597540,3,B
21597540,4,B
66414837,1,B-
66414837,2,B
66414837,3,B-
66414837,4,B+
66414837,5,A
24372972,1,A+
24372972,2,B
24372972,3,A
24372972,4,A-
91575704,1,A-
91575704,2,A-
91575704,3,A
91575704,4,A
91575704,5,B
79444473,1,A
79444473,2,A
79444473,3,B-
79444473,4,B+
79444473,5,B
58151200,1,B-
58151200,2,C+
58151200,3,B+
58151200,4,B+
97583722,1,A-
97583722,2,B+
97583722,3,B
97583722,4,B-
78315115,1,A+
78315115,2,A-
78315115,3,B-
78315115,4,B
78315115,5,A
62541399,1,D-
62541399,2,C-
62541399,3,C-
62541399,4,B
44488274,1,B+
44488274,2,A
44488274,3,A
44488274,4,A-
55472135,1,C-
55472135,2,B-
55472135,3,B
55472135,4,C+
91713871,1,A-
91713871,2,A
91713871,3,A
91713871,4,B-
63154164,1,C-
63154164,2,B-
63154164,3,B-
63154164,4,B
83476037,1,B-
83476037,2,A-
83476037,3,A-
83476037,4,B+
83476037,5,A-
68255264,1,B-
68255264,2,A+
68255264,3,A+
68255264,4,A-
81365402,1,B-
81365402,2,B-
81365402,3,B-
81365402,4,B
81365402,5,C
78152218,1,B+
78152218,2,B+
78152218,3,B+
78152218,4,B
94040551,1,B+
94040551,2,A
94040551,3,B+
94040551,4,C-
59279498,1,B-
59279498,2,B-
59279498,3,B-
59279498,4,B
54380002,1,B-
54380002,2,A-
54380002,3,A
54380002,4,A
22097161,1,B+
22097161,2,C+
22097161,3,C+
22097161,4,A-
45905886,1,B
45905886,2,A-
45905886,3,B
45905886,4,A-
23770652,1,B-
23770652,2,C
23770652,3,C-
23770652,4,B
67284175,1,B
67284175,2,B-
67284175,3,A-
67284175,4,C+
19976097,1,B
19976097,2,C
19976097,3,B+
19976097,4,B+
93392017,1,B-
93392017,2,A-
93392017,3,A
93392017,4,A-
21184986,1,B
21184986,2,B
21184986,3,A+
21184986,4,A-
68964074,1,A-
68964074,2,A-
68964074,3,F
68964074,4,B+
94284237,1,B+
94284237,2,B
94284237,3,B-
94284237,4,A-
52609628,1,B
52609628,2,B
52609628,3,C-
52609628,4,B-
34961323,1,B+
34961323,2,C-
34961323,3,B
34961323,4,B-
88600374,1,C+
88600374,2,D+
88600374,3,C-
88600374,4,C-
55280309,1,D-
55280309,2,C+
55280309,3,C-
55280309,4,B-
55280309,5,B-
55280309,6,B
15930884,1,C
15930884,2,A-
15930884,3,B-
15930884,4,B-
15930884,5,B+
56883696,1,A
56883696,2,A-
56883696,3,A
56883696,4,B+
56883696,5,A-
24173024,1,A
24173024,2,B+
24173024,3,A-
24173024,4,B+
14739706,1,D
14739706,2,C+
14739706,3,B-
14739706,4,D
75567008,1,D+
75567008,2,C-
75567008,3,C+
75567008,4,C
69293114,1,B-
69293114,2,C+
69293114,3,C+
69293114,4,A-
72669284,1,A
72669284,2,A-
72669284,3,A-
72669284,4,A-
72669284,5,B
89502752,1,D+
89502752,2,D-
89502752,3,B-
89502752,4,B-
89502752,5,C+
62406900,1,C+
62406900,2,B
62406900,3,C
62406900,4,B
82312035,1,F
82312035,2,D
82312035,3,C+
82312035,4,B
82312035,5,C+
15379950,1,A-
15379950,2,B
15379950,3,C+
15379950,4,C
47687239,1,A
47687239,2,B-
47687239,3,A
47687239,4,A-
47687239,5,A-
78562931,1,C-
78562931,2,B+
78562931,3,B
78562931,4,C-
53797938,1,D+
53797938,2,B-
53797938,3,B
53797938,4,C+
57800227,1,B+
57800227,2,B
57800227,3,B
57800227,4,B
29818466,1,A-
29818466,2,A
29818466,3,A
29818466,4,A
72546676,1,B-
72546676,2,B-
72546676,3,C-
72546676,4,B-
49449608,1,B+
49449608,2,A
49449608,3,A
49449608,4,A-
71814335,1,C+
71814335,2,B
71814335,3,C-
71814335,4,C-
24380469,1,C+
24380469,2,C-
24380469,3,D+
24380469,4,C-
82804125,1,B+
82804125,2,C+
82804125,3,C
82804125,4,B
57344190,1,B
57344190,2,C+
57344190,3,A
57344190,4,B+
83738850,1,B+
83738850,2,B
83738850,3,B+
83738850,4,A
66551655,1,D
66551655,2,C
66551655,3,B+
66551655,4,D+
66551655,5,D+
76266346,1,B
76266346,2,B-
76266346,3,C+
76266346,4,B+
76266346,5,B-
15634835,1,B-
15634835,2,B-
15634835,3,B
15634835,4,B-
15634835,5,B+
13428728,1,C+
13428728,2,C-
13428728,3,C-
13428728,4,D+
67759413,1,B-
67759413,2,C+
67759413,3,B-
67759413,4,C
61783670,1,C+
61783670,2,A
61783670,3,A
61783670,4,B+
16455717,1,B+
16455717,2,B
16455717,3,B
16455717,4,B-
96303514,1,B+
96303514,2,A
96303514,3,A+
96303514,4,C
91446595,1,A
91446595,2,A-
91446595,3,B
91446595,4,C+
97637481,1,A
97637481,2,A
97637481,3,B
97637481,4,A-
31843681,1,B
31843681,2,B-
31843681,3,C+
31843681,4,C
29043294,1,B
29043294,2,A-
29043294,3,B
29043294,4,C+
58386010,1,F
58386010,2,D
58386010,3,C
58386010,4,B-
58386010,5,C+
58386010,6,D
78344392,1,B
78344392,2,B-
78344392,3,C+
78344392,4,B
95219622,1,C-
95219622,2,B-
95219622,3,B+
95219622,4,B-
95219622,5,A-
21429660,1,B-
21429660,2,B+
21429660,3,B-
21429660,4,C+
26683793,1,C-
26683793,2,B
26683793,3,C+
26683793,4,C
85273228,1,A
85273228,2,A-
85273228,3,B
85273228,4,B+
85521936,1,D-
85521936,2,C
85521936,3,C-
85521936,4,C
95527319,1,B+
95527319,2,B-
95527319,3,A
95527319,4,B+
54818393,1,B+
54818393,2,B+
54818393,3,A+
54818393,4,B
85970775,1,A-
85970775,2,A-
85970775,3,A-
85970775,4,A
85970775,5,A-
16423400,1,B+
16423400,2,A
16423400,3,B+
16423400,4,A
51801201,1,C+
51801201,2,B
51801201,3,B-
51801201,4,B-
42734796,1,A-
42734796,2,A
42734796,3,A-
42734796,4,B-
42734796,5,A-
54588601,1,C
54588601,2,B+
54588601,3,B-
54588601,4,C
47050704,1,D-
47050704,2,B
47050704,3,B-
47050704,4,D+
15805205,1,A-
15805205,2,B+
15805205,3,A
15805205,4,A-
45226298,1,C+
45226298,2,B
45226298,3,B
45226298,4,C-
13372925,1,A
13372925,2,B+
13372925,3,B
13372925,4,B
85854319,1,A-
85854319,2,C+
85854319,3,B
85854319,4,C+
93339352,1,C-
93339352,2,C
93339352,3,B-
93339352,4,C
87694869,1,B
87694869,2,A-
87694869,3,C
87694869,4,C-
87694869,5,C+
17027080,1,B+
17027080,2,B-
17027080,3,A-
17027080,4,B-
99739029,1,D
99739029,2,C
99739029,3,B-
99739029,4,F
38710079,1,C+
38710079,2,C-
38710079,3,B-
38710079,4,C-
63932780,1,A-
63932780,2,C
63932780,3,B+
63932780,4,B-
34084320,1,B-
34084320,2,A-
34084320,3,A
34084320,4,B
38145615,1,B+
38145615,2,B+
38145615,3,B+
38145615,4,B
38145615,5,A-
76141344,1,F
76141344,2,B+
76141344,3,C
76141344,4,C
41481458,1,A
41481458,2,B+
41481458,3,B
41481458,4,A-
53900112,1,C-
53900112,2,D+
53900112,3,C-
53900112,4,B+
64238216,1,B+
64238216,2,A-
64238216,3,A-
64238216,4,B+
64238216,5,C
76915554,1,A-
76915554,2,B+
76915554,3,B-
76915554,4,A+
76915554,5,A-
37947355,1,B-
37947355,2,B+
37947355,3,C+
37947355,4,C+
48174423,1,B+
48174423,2,A
48174423,3,A-
48174423,4,A
75194627,1,B-
75194627,2,D-
75194627,3,C
75194627,4,C
86947138,1,B-
86947138,2,C
86947138,3,B-
86947138,4,C+
55024265,1,C-
55024265,2,B
55024265,3,B
55024265,4,B-
55024265,5,C+
16999582,1,C+
16999582,2,A-
16999582,3,C+
16999582,4,C+
76866274,1,C+
76866274,2,C+
76866274,3,A-
76866274,4,B-
61198576,1,A
61198576,2,C
61198576,3,C-
61198576,4,B-
61198576,5,B
61311426,1,C+
61311426,2,C
61311426,3,C+
61311426,4,C-
64341901,1,B+
64341901,2,B-
64341901,3,A-
64341901,4,A
36227985,1,C+
36227985,2,B-
36227985,3,D
36227985,4,C-
99350190,1,C
99350190,2,C
99350190,3,C-
99350190,4,C
93051300,1,C+
93051300,2,B-
93051300,3,C+
93051300,4,C+
93051300,5,B+
89686100,1,B
89686100,2,C-
89686100,3,B-
89686100,4,C-
89686100,5,B-
83774677,1,F
83774677,2,C-
83774677,3,B-
83774677,4,C+
83774677,5,D+
83774677,6,C-
67542183,1,B
67542183,2,A-
67542183,3,A
67542183,4,B
67542183,5,A
83589935,1,C
83589935,2,C+
83589935,3,C
83589935,4,C
61447148,1,B
61447148,2,B+
61447148,3,B+
61447148,4,B+
39096016,1,A
39096016,2,A
39096016,3,B-
39096016,4,A-
94462284,1,B-
94462284,2,C-
94462284,3,B+
94462284,4,B-
66188451,1,C+
66188451,2,B-
66188451,3,C
66188451,4,C+
55059977,1,A-
55059977,2,A
55059977,3,A
55059977,4,A
87787174,1,B
87787174,2,A-
87787174,3,C
87787174,4,A-
34580439,1,D+
34580439,2,C
34580439,3,D+
34580439,4,B
82352663,1,A-
82352663,2,B+
82352663,3,B+
82352663,4,A-
74416533,1,C+
74416533,2,C
74416533,3,C+
74416533,4,B-
13368533,1,F
13368533,2,B-
13368533,3,B-
13368533,4,B+
13368533,5,C
13368533,6,B+
21739009,1,C
21739009,2,B-
21739009,3,B-
21739009,4,B+
21739009,5,A-
21739009,6,B+
87786019,1,B
87786019,2,C+
87786019,3,B-
87786019,4,B+
74865558,1,A+
74865558,2,A
74865558,3,A-
74865558,4,F
74865558,5,A
23842240,1,A-
23842240,2,B+
23842240,3,A-
23842240,4,A+
23842240,5,A+
32327133,1,B-
32327133,2,A-
32327133,3,A
32327133,4,A
32327133,5,B
58174843,1,A
58174843,2,A
58174843,3,A
58174843,4,A
82063496,1,B
82063496,2,B
82063496,3,B+
82063496,4,A
82063496,5,A-
82063496,6,A+
84692920,1,D+
84692920,2,C+
84692920,3,B-
84692920,4,C
35660762,1,B+
35660762,2,A
35660762,3,B+
35660762,4,A
18264367,1,A
18264367,2,B
18264367,3,A-
18264367,4,A+
18264367,5,B+
68186459,1,C+
68186459,2,C
68186459,3,D+
68186459,4,C
67147897,1,B
67147897,2,F
67147897,3,A-
67147897,4,B+
67147897,5,B+
67723233,1,A
67723233,2,B
67723233,3,A
67723233,4,B
67720159,1,C+
67720159,2,D+
67720159,3,B-
67720159,4,C+
81604348,1,B
81604348,2,C+
81604348,3,B
81604348,4,B+
68045458,1,B+
68045458,2,A-
68045458,3,C
68045458,4,C+
76996869,1,B
76996869,2,B+
76996869,3,C+
76996869,4,B
76635906,1,D
76635906,2,C
76635906,3,C
76635906,4,C+
23375814,1,B-
23375814,2,C+
23375814,3,B-
23375814,4,B-
84209197,1,B+
84209197,2,B-
84209197,3,B-
84209197,4,C+
84209197,5,B-
42187188,1,C
42187188,2,B
42187188,3,B-
42187188,4,B+
83837604,1,A-
83837604,2,B+
83837604,3,A-
83837604,4,B
75792203,1,B+
75792203,2,C-
75792203,3,B
75792203,4,C+
45093649,1,D+
45093649,2,B-
45093649,3,C
45093649,4,C
53154488,1,B-
53154488,2,C+
53154488,3,B-
53154488,4,B+
62077002,1,C-
62077002,2,B-
62077002,3,C
62077002,4,B-
81113446,1,A
81113446,2,B+
81113446,3,A
81113446,4,B+
49765729,1,A
49765729,2,A
49765729,3,A
49765729,4,A+
49765729,5,A-
53379507,1,A+
53379507,2,B-
53379507,3,A
53379507,4,A-
62698950,1,A+
62698950,2,A
62698950,3,A-
62698950,4,A
62698950,5,A
24258309,1,A-
24258309,2,B+
24258309,3,B-
24258309,4,B+
12406326,1,D+
12406326,2,C
12406326,3,C-
12406326,4,C
98650313,1,C-
98650313,2,C+
98650313,3,C+
98650313,4,C
17913381,1,A-
17913381,2,A-
17913381,3,B+
17913381,4,A+
45303216,1,A-
45303216,2,B+
45303216,3,B-
45303216,4,B+
77514444,1,C
77514444,2,B
77514444,3,B
77514444,4,F
83169955,1,D+
83169955,2,B+
83169955,3,D
83169955,4,B
32720573,1,B+
32720573,2,A
32720573,3,B
32720573,4,A-
91645042,1,B+
91645042,2,C
91645042,3,B-
91645042,4,C
91645042,5,C+
63410378,1,A-
63410378,2,A-
63410378,3,A+
63410378,4,A
65517416,1,C
65517416,2,A-
65517416,3,B
65517416,4,B
65517416,5,B+
32773340,1,C+
32773340,2,B+
32773340,3,B
32773340,4,C-
41553244,1,B-
41553244,2,C+
41553244,3,C+
41553244,4,C-
41553244,5,C-
94632877,1,B+
94632877,2,B
94632877,3,A-
94632877,4,B
81500456,1,B
81500456,2,B
81500456,3,C+
81500456,4,B-
76105522,1,F
76105522,2,C-
76105522,3,C+
76105522,4,C+
98884292,1,C-
98884292,2,B-
98884292,3,C
98884292,4,C
85793518,1,B-
85793518,2,A
85793518,3,D+
85793518,4,A-
14188798,1,D
14188798,2,C+
14188798,3,C-
14188798,4,B
61940627,1,C-
61940627,2,C+
61940627,3,C
61940627,4,C-
79849886,1,C+
79849886,2,A-
79849886,3,B+
79849886,4,C+
49379166,1,A
49379166,2,A+
49379166,3,B
49379166,4,A-
71392771,1,B
71392771,2,A
71392771,3,B
71392771,4,C+
89040280,1,B
89040280,2,B
89040280,3,C+
89040280,4,C+
17453007,1,B+
17453007,2,A
17453007,3,A
17453007,4,B+
45435349,1,B-
45435349,2,B
45435349,3,A-
45435349,4,B-
99365863,1,C+
99365863,2,D
99365863,3,C-
99365863,4,D
51622556,1,D+
51622556,2,C-
51622556,3,D+
51622556,4,D+
62351950,1,B+
62351950,2,A
62351950,3,A-
62351950,4,A
64760768,1,B+
64760768,2,B+
64760768,3,B-
64760768,4,B
62983148,1,C-
62983148,2,C+
62983148,3,D+
62983148,4,C
62983148,5,D+
94631563,1,C-
94631563,2,B
94631563,3,C+
94631563,4,B-
94631563,5,B-
94890698,1,C+
94890698,2,B-
94890698,3,B-
94890698,4,C-
59618420,1,A-
59618420,2,B+
59618420,3,C
59618420,4,A-
76360470,1,A
76360470,2,A
76360470,3,B+
76360470,4,C+
25357160,1,A-
25357160,2,B+
25357160,3,A
25357160,4,B+
62904947,1,B-
62904947,2,D+
62904947,3,B
62904947,4,B+
51268615,1,B
51268615,2,B-
51268615,3,B
51268615,4,B
79288812,1,B
79288812,2,C
79288812,3,C+
79288812,4,B-
16224685,1,B
16224685,2,B
16224685,3,F
16224685,4,C+
58076539,1,B-
58076539,2,B-
58076539,3,B
58076539,4,C
65078045,1,C+
65078045,2,C+
65078045,3,B-
65078045,4,B-
94255739,1,D+
94255739,2,D+
94255739,3,B-
94255739,4,D+
94255739,5,C+
76897879,1,B+
76897879,2,B
76897879,3,A-
76897879,4,A
76897879,5,B-
25960411,1,B-
25960411,2,B-
25960411,3,D+
25960411,4,D+
39531158,1,B
39531158,2,B+
39531158,3,B+
39531158,4,A
78652125,1,C-
78652125,2,B+
78652125,3,B-
78652125,4,A-
14446804,1,D
14446804,2,D+
14446804,3,D+
14446804,4,C
44326384,1,C
44326384,2,B+
44326384,3,B+
44326384,4,C+
96723013,1,A-
96723013,2,B-
96723013,3,B-
96723013,4,A
18660673,1,B-
18660673,2,A-
18660673,3,A-
18660673,4,C+
73366877,1,B-
73366877,2,C+
73366877,3,C+
73366877,4,B
13332718,1,B+
13332718,2,B-
13332718,3,B
13332718,4,C-
13332718,5,C-
79543979,1,A
79543979,2,A
79543979,3,B
79543979,4,A-
79543979,5,B
53473867,1,B
53473867,2,B+
53473867,3,C+
53473867,4,B
38090032,1,B-
38090032,2,B-
38090032,3,A
38090032,4,B+
38090032,5,A
91247224,1,A-
91247224,2,A
91247224,3,A
91247224,4,F
63325429,1,A-
63325429,2,B+
63325429,3,F
63325429,4,B-
86190468,1,C
86190468,2,C+
86190468,3,D+
86190468,4,C-
29440323,1,A-
29440323,2,C
29440323,3,C+
29440323,4,B
61239562,1,B
61239562,2,B-
61239562,3,A-
61239562,4,A
64216487,1,D+
64216487,2,B
64216487,3,B-
64216487,4,B+
21458696,1,B+
21458696,2,A+
21458696,3,B-
21458696,4,B+
58678307,1,B+
58678307,2,B+
58678307,3,B-
58678307,4,B-
89355269,1,D+
89355269,2,D
89355269,3,C-
89355269,4,C
88363252,1,B-
88363252,2,B-
88363252,3,C
88363252,4,C+
42375470,1,B+
42375470,2,B
42375470,3,C+
42375470,4,C
18575719,1,C+
18575719,2,B+
18575719,3,A-
18575719,4,B+
37451271,1,C
37451271,2,C-
37451271,3,B
37451271,4,D
56222234,1,A
56222234,2,A
56222234,3,B-
56222234,4,B+
45873295,1,A
45873295,2,A
45873295,3,B+
45873295,4,A
45873295,5,B
73312827,1,A
73312827,2,A-
73312827,3,B-
73312827,4,A
68396565,1,A-
68396565,2,B+
68396565,3,B+
68396565,4,A
82161852,1,B
82161852,2,D+
82161852,3,B
82161852,4,B+
31236001,1,B-
31236001,2,B+
31236001,3,A
31236001,4,B
31236001,5,A+
42548143,1,B-
42548143,2,B+
42548143,3,B
42548143,4,D+
73335286,1,B+
73335286,2,A
73335286,3,A-
73335286,4,C+
73335286,5,B+
78475012,1,B
78475012,2,A+
78475012,3,A
78475012,4,A
24836599,1,B
24836599,2,A
24836599,3,A
24836599,4,A
91019573,1,C+
91019573,2,B-
91019573,3,B
91019573,4,A-
89130387,1,D
89130387,2,D
89130387,3,D+
89130387,4,D
62403041,1,C
62403041,2,C
62403041,3,C+
62403041,4,D+
12037534,1,B
12037534,2,B
12037534,3,A-
12037534,4,A-
12037534,5,A-
87982647,1,B
87982647,2,C+
87982647,3,C-
87982647,4,C
27432428,1,B+
27432428,2,A
27432428,3,B
27432428,4,A-
38254686,1,A
38254686,2,B+
38254686,3,B+
38254686,4,B-
92545952,1,C+
92545952,2,B-
92545952,3,B+
92545952,4,B
24372502,1,B
24372502,2,C-
24372502,3,C+
24372502,4,B-
24372502,5,B
82297915,1,C+
82297915,2,C+
82297915,3,C+
82297915,4,D+
56222520,1,B+
56222520,2,A
56222520,3,A
56222520,4,A
95634383,1,B-
95634383,2,A
95634383,3,B+
95634383,4,A
95634383,5,B+
34823857,1,B+
34823857,2,A-
34823857,3,A
34823857,4,B+
37500466,1,A-
37500466,2,B-
37500466,3,A+
37500466,4,B-
76687296,1,A
76687296,2,A
76687296,3,A-
76687296,4,A-
79274755,1,B+
79274755,2,B
79274755,3,B-
79274755,4,A-
91078271,1,A
91078271,2,A
91078271,3,A
91078271,4,A
14094114,1,D
14094114,2,D
14094114,3,D+
14094114,4,C-
24046360,1,C+
24046360,2,B-
24046360,3,C+
24046360,4,C+
81638630,1,C+
81638630,2,C
81638630,3,B
81638630,4,A-
29556095,1,A
29556095,2,A-
29556095,3,B
29556095,4,A-
34442890,1,C
34442890,2,B
34442890,3,C+
34442890,4,B+
73799058,1,C+
73799058,2,C
73799058,3,C+
73799058,4,B+
43733483,1,B+
43733483,2,B+
43733483,3,A
43733483,4,B
57183437,1,A
57183437,2,B
57183437,3,B
57183437,4,B
19674591,1,A-
19674591,2,B+
19674591,3,B+
19674591,4,C+
87347371,1,C
87347371,2,B
87347371,3,C
87347371,4,B
22799657,1,B-
22799657,2,A-
22799657,3,B
22799657,4,B-
45257355,1,C+
45257355,2,C+
45257355,3,C+
45257355,4,B
45257355,5,B+
76761356,1,A-
76761356,2,A-
76761356,3,A
76761356,4,A-
75751707,1,B-
75751707,2,C+
75751707,3,B+
75751707,4,B-
93561198,1,B+
93561198,2,A
93561198,3,C+
93561198,4,B
22059724,1,B+
22059724,2,A-
22059724,3,F
22059724,4,A
99334086,1,B+
99334086,2,A
99334086,3,B+
99334086,4,C+
99334086,5,B+
37781419,1,D+
37781419,2,C+
37781419,3,C-
37781419,4,C
16380860,1,C
16380860,2,B
16380860,3,B+
16380860,4,B-
53680640,1,B+
53680640,2,A-
53680640,3,A-
53680640,4,B+
23854756,1,B-
23854756,2,B+
23854756,3,A-
23854756,4,A
23854756,5,B+
43655471,1,C+
43655471,2,C
43655471,3,D+
43655471,4,C+
63603808,1,B-
63603808,2,D+
63603808,3,D
63603808,4,D+
76403485,1,C+
76403485,2,D+
76403485,3,C
76403485,4,C-
95177200,1,C
95177200,2,B
95177200,3,C
95177200,4,C-
16595056,1,B
16595056,2,B
16595056,3,B
16595056,4,B+
96796383,1,B
96796383,2,B-
96796383,3,C+
96796383,4,B+
96796383,5,B-
93116274,1,C+
93116274,2,B+
93116274,3,C+
93116274,4,B-
93116274,5,B+
89109631,1,B
89109631,2,B+
89109631,3,B+
89109631,4,B-
36311047,1,B+
36311047,2,B+
36311047,3,C
36311047,4,B-
36311047,5,A-
36311047,6,B+
96509668,1,B-
96509668,2,C+
96509668,3,B+
96509668,4,C+
28534128,1,B+
28534128,2,C
28534128,3,B-
28534128,4,B+
25551824,1,B
25551824,2,B
25551824,3,B
25551824,4,B
51277395,1,B+
51277395,2,B-
51277395,3,B+
51277395,4,A-
16141649,1,C+
16141649,2,C+
16141649,3,B-
16141649,4,C+
72528535,1,C+
72528535,2,C+
72528535,3,C-
72528535,4,B-
81359114,1,A
81359114,2,A
81359114,3,A-
81359114,4,B
81359114,5,C+
78389371,1,A-
78389371,2,C+
78389371,3,B+
78389371,4,C+
76019297,1,A-
76019297,2,A
76019297,3,A-
76019297,4,B-
44904150,1,B+
44904150,2,B
44904150,3,B-
44904150,4,A-
44904150,5,B-
46000767,1,A
46000767,2,A
46000767,3,A-
46000767,4,A
79850523,1,B-
79850523,2,B+
79850523,3,A-
79850523,4,B-
12544537,1,D+
12544537,2,B-
12544537,3,B-
12544537,4,C+
79851029,1,B+
79851029,2,B-
79851029,3,B
79851029,4,B-
28054922,1,B+
28054922,2,B+
28054922,3,A
28054922,4,A
82338268,1,B
82338268,2,B
82338268,3,C+
82338268,4,A
45777694,1,B-
45777694,2,C+
45777694,3,B-
45777694,4,B
97860965,1,B-
97860965,2,B+
97860965,3,A
97860965,4,A
97860965,5,A
47060067,1,B+
47060067,2,B
47060067,3,C+
47060067,4,A
62850446,1,B-
62850446,2,B
62850446,3,D
62850446,4,C
99708001,1,C
99708001,2,B
99708001,3,A-
99708001,4,C+
99708001,5,C+
43027094,1,B-
43027094,2,B+
43027094,3,C+
43027094,4,C
61867776,1,B-
61867776,2,C+
61867776,3,B-
61867776,4,C+
21830463,1,B-
21830463,2,B+
21830463,3,B+
21830463,4,B
68649803,1,D+
68649803,2,B-
68649803,3,C
68649803,4,B-
41821248,1,C-
41821248,2,B-
41821248,3,C-
41821248,4,C-
41584237,1,A
41584237,2,A-
41584237,3,A-
41584237,4,A
52160290,1,A+
52160290,2,A+
52160290,3,B+
52160290,4,A-
73528118,1,A
73528118,2,B-
73528118,3,A-
73528118,4,C
82231192,1,A
82231192,2,C+
82231192,3,A
82231192,4,A
77807561,1,C+
77807561,2,B-
77807561,3,C-
77807561,4,C
43600394,1,A
43600394,2,A
43600394,3,A
43600394,4,A-
43087831,1,B+
43087831,2,A
43087831,3,B+
43087831,4,A
31503058,1,A
31503058,2,A+
31503058,3,A-
31503058,4,A+
66827652,1,B+
66827652,2,A
66827652,3,B
66827652,4,B
49794011,1,B+
49794011,2,C+
49794011,3,B
49794011,4,A-
25811702,1,B
25811702,2,C+
25811702,3,B-
25811702,4,C
19960279,1,B-
19960279,2,C-
19960279,3,D+
19960279,4,C+
19960279,5,D+
63708262,1,A-
63708262,2,B
63708262,3,B+
63708262,4,A-
14765863,1,A-
14765863,2,B
14765863,3,B+
14765863,4,A-
14765863,5,B+
98662375,1,B+
98662375,2,C
98662375,3,C
98662375,4,C+
98662375,5,A-
98662375,6,B-
78775619,1,B+
78775619,2,A+
78775619,3,A+
78775619,4,B
78775619,5,A
91203888,1,B+
91203888,2,B+
91203888,3,B+
91203888,4,C
91203888,5,B-
24097283,1,B-
24097283,2,B-
24097283,3,B-
24097283,4,C
24097283,5,A-
55040897,1,A-
55040897,2,C+
55040897,3,A+
55040897,4,A
51865163,1,A+
51865163,2,A+
51865163,3,A+
51865163,4,A-
37906901,1,B-
37906901,2,A+
37906901,3,B+
37906901,4,A+
37906901,5,C+
74117094,1,A
74117094,2,A
74117094,3,A
74117094,4,B+
89521899,1,B+
89521899,2,B
89521899,3,C
89521899,4,B-
57942991,1,B+
57942991,2,C+
57942991,3,A-
57942991,4,A-
54680113,1,A
54680113,2,A
54680113,3,C
54680113,4,B-
79240441,1,B+
79240441,2,B-
79240441,3,A-
79240441,4,B+
79240441,5,B+
42051592,1,B
42051592,2,B
42051592,3,B
42051592,4,C+
35106303,1,C+
35106303,2,C
35106303,3,B
35106303,4,A
59079462,1,B
59079462,2,C
59079462,3,B+
59079462,4,C+
59079462,5,A
17587448,1,A-
17587448,2,B
17587448,3,B-
17587448,4,B+
17587448,5,A-
45348741,1,B
45348741,2,C
45348741,3,A-
45348741,4,B-
89992773,1,B
89992773,2,B+
89992773,3,A-
89992773,4,B
93562695,1,A
93562695,2,B-
93562695,3,A+
93562695,4,A-
93226248,1,B-
93226248,2,B
93226248,3,A-
93226248,4,B+
55817649,1,A
55817649,2,A-
55817649,3,A-
55817649,4,C+
51554283,1,B+
51554283,2,B-
51554283,3,D
51554283,4,C+
51554283,5,B-
18830083,1,C
18830083,2,C+
18830083,3,B-
18830083,4,B-
24778818,1,B
24778818,2,B+
24778818,3,B-
24778818,4,B+
77885215,1,B
77885215,2,B-
77885215,3,A-
77885215,4,B+
77885215,5,B-
13982213,1,A-
13982213,2,B
13982213,3,B
13982213,4,B+
63580720,1,A+
63580720,2,A
63580720,3,A
63580720,4,A
72856982,1,C-
72856982,2,B+
72856982,3,A-
72856982,4,B
24697589,1,B+
24697589,2,B+
24697589,3,A-
24697589,4,C+
14530936,1,A-
14530936,2,A-
14530936,3,B+
14530936,4,C+
74826270,1,B+
74826270,2,A-
74826270,3,B+
74826270,4,A
57260364,1,C
57260364,2,B-
57260364,3,F
57260364,4,B
57260364,5,D+
57260364,6,B
22560379,1,C+
22560379,2,C
22560379,3,B-
22560379,4,C+
48206718,1,A-
48206718,2,A-
48206718,3,A
48206718,4,A+
12640465,1,D+
12640465,2,D
12640465,3,C+
12640465,4,C-
38150563,1,C+
38150563,2,B+
38150563,3,C+
38150563,4,A-
38150563,5,B+
92526811,1,B
92526811,2,B+
92526811,3,C+
92526811,4,B
92526811,5,C+
79367946,1,A-
79367946,2,A+
79367946,3,A
79367946,4,A
79367946,5,B-
68110244,1,C+
68110244,2,B
68110244,3,C-
68110244,4,B-
68110244,5,C
96155392,1,C+
96155392,2,C
96155392,3,C+
96155392,4,C+
79025009,1,A
79025009,2,B
79025009,3,A
79025009,4,A+
73944890,1,C-
73944890,2,B
73944890,3,F
73944890,4,C+
23218920,1,A-
23218920,2,A
23218920,3,A
23218920,4,B
23218920,5,A-
59216094,1,C+
59216094,2,B
59216094,3,C-
59216094,4,D
62250287,1,B
62250287,2,B+
62250287,3,D+
62250287,4,C-
42588898,1,C-
42588898,2,B
42588898,3,A
42588898,4,C
62580581,1,B
62580581,2,A
62580581,3,B
62580581,4,B-
47299751,1,B-
47299751,2,B-
47299751,3,C+
47299751,4,C-
14344299,1,C
14344299,2,A-
14344299,3,B+
14344299,4,B
15053374,1,A
15053374,2,A
15053374,3,A
15053374,4,A+
15053374,5,A
88507961,1,C+
88507961,2,C+
88507961,3,C
88507961,4,C
44861820,1,B+
44861820,2,A-
44861820,3,A
44861820,4,B
44861820,5,B
58989316,1,B
58989316,2,B-
58989316,3,D+
58989316,4,C-
58989316,5,C
72733767,1,B+
72733767,2,C+
72733767,3,B
72733767,4,B-
72733767,5,C
73245514,1,A
73245514,2,B+
73245514,3,B
73245514,4,B-
73245514,5,A
94212349,1,B-
94212349,2,C
94212349,3,D-
94212349,4,C-
13181673,1,C+
13181673,2,B
13181673,3,B
13181673,4,B+
58906760,1,C+
58906760,2,B
58906760,3,C
58906760,4,B-
76509692,1,B+
76509692,2,C
76509692,3,B-
76509692,4,C-
76509692,5,C
49310527,1,D+
49310527,2,C-
49310527,3,D
49310527,4,C-
53957445,1,C-
53957445,2,D
53957445,3,C+
53957445,4,C-
53957445,5,D+
68502502,1,B+
68502502,2,A+
68502502,3,B
68502502,4,A
77998055,1,B-
77998055,2,A-
77998055,3,B
77998055,4,B+
77998055,5,A
55374441,1,B-
55374441,2,B-
55374441,3,C
55374441,4,B+
35357494,1,B+
35357494,2,A-
35357494,3,C+
35357494,4,B+
25091549,1,C+
25091549,2,B
25091549,3,B
25091549,4,C+
11463584,1,A-
11463584,2,C
11463584,3,C-
11463584,4,B
52360195,1,B
52360195,2,A+
52360195,3,A+
52360195,4,A
11527923,1,B+
11527923,2,B+
11527923,3,B-
11527923,4,B
13278082,1,D-
13278082,2,C+
13278082,3,B-
13278082,4,C-
13278082,5,D+
63570736,1,B
63570736,2,B+
63570736,3,B
63570736,4,B+
91844669,1,D+
91844669,2,C-
91844669,3,C-
91844669,4,B
27872933,1,B+
27872933,2,B
27872933,3,A+
27872933,4,A+
65492098,1,C+
65492098,2,C-
65492098,3,C
65492098,4,C+
65492098,5,B+
65492098,6,A-
59692756,1,C+
59692756,2,B
59692756,3,A-
59692756,4,C+
53207003,1,B+
53207003,2,C
53207003,3,B
53207003,4,B-
53207003,5,B
85462303,1,B+
85462303,2,A
85462303,3,A
85462303,4,B+
62367227,1,B-
62367227,2,B-
62367227,3,B-
62367227,4,A-
62367227,5,A
76625549,1,A-
76625549,2,A
76625549,3,B
76625549,4,B-
29261246,1,B
29261246,2,A-
29261246,3,A-
29261246,4,B
29261246,5,B-
29261246,6,B-
65204351,1,C+
65204351,2,A
65204351,3,B+
65204351,4,B-
88190129,1,F
88190129,2,D+
88190129,3,B+
88190129,4,C-
71446242,1,A
71446242,2,A
71446242,3,B+
71446242,4,B
66824831,1,A
66824831,2,A+
66824831,3,A
66824831,4,F
94094522,1,C-
94094522,2,D+
94094522,3,B-
94094522,4,C
84867505,1,A
84867505,2,A
84867505,3,B
84867505,4,B+
13969645,1,B
13969645,2,A
13969645,3,A-
13969645,4,B
96366801,1,B+
96366801,2,C+
96366801,3,B
96366801,4,C-
96366801,5,C
21288667,1,B-
21288667,2,C+
21288667,3,C-
21288667,4,B-
76575906,1,B-
76575906,2,C+
76575906,3,D+
76575906,4,B-
17765295,1,D+
17765295,2,C+
17765295,3,C
17765295,4,B+
17765295,5,B+
59848086,1,C-
59848086,2,D
59848086,3,B-
59848086,4,C
56936451,1,C+
56936451,2,C-
56936451,3,D+
56936451,4,C
19779286,1,B+
19779286,2,A-
19779286,3,B+
19779286,4,A
46665494,1,C
46665494,2,C+
46665494,3,C+
46665494,4,B-
91901378,1,B
91901378,2,F
91901378,3,B+
91901378,4,B-
78670645,1,B+
78670645,2,B+
78670645,3,A
78670645,4,B+
75576632,1,B+
75576632,2,B-
75576632,3,A
75576632,4,B+
33359060,1,C
33359060,2,C-
33359060,3,C
33359060,4,B
54833689,1,B-
54833689,2,A+
54833689,3,A
54833689,4,B-
88850190,1,A
88850190,2,C-
88850190,3,B+
88850190,4,C+
88850190,5,B+
41819357,1,B-
41819357,2,C+
41819357,3,C+
41819357,4,B+
53789981,1,B
53789981,2,B+
53789981,3,A-
53789981,4,B+
53789981,5,A-
84570274,1,C+
84570274,2,B
84570274,3,C
84570274,4,B
39083997,1,A-
39083997,2,A
39083997,3,A
39083997,4,A
44389673,1,B
44389673,2,A
44389673,3,B+
44389673,4,A
29444060,1,A
29444060,2,B+
29444060,3,A
29444060,4,A
26572790,1,A
26572790,2,A
26572790,3,B+
26572790,4,A
15141970,1,A
15141970,2,C+
15141970,3,A-
15141970,4,B-
35012117,1,A-
35012117,2,A
35012117,3,B+
35012117,4,A
85322116,1,C-
85322116,2,D+
85322116,3,B+
85322116,4,C+
42660584,1,B
42660584,2,B
42660584,3,A
42660584,4,C
46994305,1,B-
46994305,2,A+
46994305,3,A
46994305,4,B+
29646933,1,B+
29646933,2,C+
29646933,3,B+
29646933,4,C+
55396173,1,A-
55396173,2,B+
55396173,3,B
55396173,4,A-
91764808,1,B-
91764808,2,A-
91764808,3,A-
91764808,4,A
78127739,1,B
78127739,2,B
78127739,3,A-
78127739,4,C+
15366894,1,C+
15366894,2,D+
15366894,3,D+
15366894,4,B
95786585,1,B-
95786585,2,B+
95786585,3,B-
95786585,4,A-
14772246,1,B
14772246,2,B-
14772246,3,B-
14772246,4,F
14772246,5,C-
87807641,1,B
87807641,2,A+
87807641,3,A
87807641,4,A
55038318,1,A-
55038318,2,F
55038318,3,A
55038318,4,A
45067470,1,D+
45067470,2,C+
45067470,3,C+
45067470,4,C-
76761274,1,A
76761274,2,B+
76761274,3,A-
76761274,4,F
76761274,5,A
13624788,1,B+
13624788,2,C-
13624788,3,B
13624788,4,C
99884762,1,A
99884762,2,A
99884762,3,A
99884762,4,A+
99884762,5,A
78946004,1,A
78946004,2,A
78946004,3,C+
78946004,4,B+
93457076,1,C-
93457076,2,D+
93457076,3,F
93457076,4,C+
93667163,1,B-
93667163,2,B-
93667163,3,B
93667163,4,B+
12955415,1,A
12955415,2,A+
12955415,3,A
12955415,4,B
37466390,1,D
37466390,2,B
37466390,3,C+
37466390,4,C
38899350,1,B+
38899350,2,A-
38899350,3,A-
38899350,4,B+
38899350,5,A-
81342716,1,A
81342716,2,B+
81342716,3,B
81342716,4,B+
81342716,5,A-
86061276,1,D+
86061276,2,B-
86061276,3,C-
86061276,4,C-
86061276,5,C-
11070272,1,B+
11070272,2,B
11070272,3,A-
11070272,4,A-
24090117,1,F
24090117,2,B+
24090117,3,C+
24090117,4,B+
68896728,1,B-
68896728,2,B
68896728,3,B
68896728,4,B
47488595,1,A-
47488595,2,B+
47488595,3,B+
47488595,4,B
68882630,1,C+
68882630,2,C+
68882630,3,A
68882630,4,B+
68882630,5,C+
43796694,1,A
43796694,2,A
43796694,3,A
43796694,4,C+
54980169,1,B+
54980169,2,A-
54980169,3,B-
54980169,4,B+
54980169,5,C
25006408,1,B-
25006408,2,A
25006408,3,B
25006408,4,B+
33504213,1,C
33504213,2,B-
33504213,3,B-
33504213,4,B
54437130,1,B
54437130,2,B-
54437130,3,B+
54437130,4,B+
54437130,5,B+
35002870,1,A-
35002870,2,B
35002870,3,B+
35002870,4,A+
66092959,1,D+
66092959,2,C
66092959,3,C
66092959,4,D+
66092959,5,C+
66092959,6,B
67962894,1,A
67962894,2,A
67962894,3,B+
67962894,4,B
67962894,5,C+
48467092,1,D
48467092,2,C-
48467092,3,C+
48467092,4,F
52520034,1,B-
52520034,2,B-
52520034,3,B+
52520034,4,C+
52520034,5,A-
82542092,1,A-
82542092,2,F
82542092,3,B
82542092,4,A+
82542092,5,A+
24318339,1,B+
24318339,2,C
24318339,3,C
24318339,4,B
79448320,1,A-
79448320,2,B+
79448320,3,B-
79448320,4,A
27133429,1,A-
27133429,2,B+
27133429,3,C+
27133429,4,C+
88466028,1,B-
88466028,2,C+
88466028,3,B+
88466028,4,B-
24791943,1,A
24791943,2,B+
24791943,3,B-
24791943,4,A-
67178833,1,B
67178833,2,B
67178833,3,C
67178833,4,B-
32802568,1,B+
32802568,2,A
32802568,3,B
32802568,4,A
79586941,1,B-
79586941,2,C
79586941,3,A
79586941,4,B+
12763196,1,B-
12763196,2,B
12763196,3,A
12763196,4,A
45101803,1,C
45101803,2,C+
45101803,3,D
45101803,4,D+
65919346,1,B
65919346,2,C
65919346,3,B+
65919346,4,A-
27435368,1,C+
27435368,2,B-
27435368,3,B
27435368,4,A
62586301,1,B
62586301,2,D-
62586301,3,C+
62586301,4,C
96602871,1,A
96602871,2,B+
96602871,3,B+
96602871,4,A
66602139,1,B+
66602139,2,A-
66602139,3,B-
66602139,4,B-
76317782,1,A
76317782,2,B+
76317782,3,B
76317782,4,C+
77450917,1,C+
77450917,2,C+
77450917,3,C
77450917,4,C
83770404,1,A-
83770404,2,C-
83770404,3,B-
83770404,4,B
41755093,1,D+
41755093,2,B
41755093,3,B-
41755093,4,B-
41755093,5,C+
96385708,1,C+
96385708,2,D+
96385708,3,B
96385708,4,C-
75529461,1,B
75529461,2,B+
75529461,3,C
75529461,4,B
52677184,1,C+
52677184,2,B-
52677184,3,A
52677184,4,C+
52677184,5,A-
74892962,1,B-
74892962,2,A-
74892962,3,B+
74892962,4,B+
25378813,1,A-
25378813,2,B
25378813,3,A
25378813,4,B+
78096710,1,C
78096710,2,C
78096710,3,B-
78096710,4,C-
64628207,1,C+
64628207,2,C+
64628207,3,B+
64628207,4,A-
92040975,1,A+
92040975,2,A-
92040975,3,B+
92040975,4,A
92040975,5,B+
92040975,6,B-
54013066,1,A-
54013066,2,B+
54013066,3,B
54013066,4,B+
54013066,5,B+
57896317,1,B+
57896317,2,A
57896317,3,A
57896317,4,A+
57896317,5,A+
88024367,1,B+
88024367,2,C+
88024367,3,C+
88024367,4,C+
88024367,5,C
55876288,1,B+
55876288,2,A
55876288,3,C+
55876288,4,B
96561542,1,B-
96561542,2,C
96561542,3,B+
96561542,4,B+
96561542,5,D+
22131101,1,A-
22131101,2,B-
22131101,3,C+
22131101,4,C+
22131101,5,C+
13605573,1,B
13605573,2,A
13605573,3,B+
13605573,4,B
94348917,1,A+
94348917,2,B+
94348917,3,A
94348917,4,A-
33593767,1,B-
33593767,2,A-
33593767,3,A+
33593767,4,A-
66529636,1,A
66529636,2,A-
66529636,3,B
66529636,4,B
88958198,1,A
88958198,2,B
88958198,3,B+
88958198,4,C+
88958198,5,C-
78151432,1,A+
78151432,2,A+
78151432,3,A
78151432,4,B
37051379,1,A
37051379,2,A
37051379,3,A-
37051379,4,B
31572778,1,A-
31572778,2,B
31572778,3,C+
31572778,4,B+
61783154,1,B
61783154,2,B
61783154,3,B-
61783154,4,F
61783154,5,B
49879823,1,D-
49879823,2,C+
49879823,3,C+
49879823,4,F
12107152,1,C
12107152,2,C+
12107152,3,B-
12107152,4,C-
62175887,1,C
62175887,2,B-
62175887,3,B-
62175887,4,B-
62175887,5,C+
67169353,1,A
67169353,2,B+
67169353,3,B+
67169353,4,B+
81374505,1,B-
81374505,2,C-
81374505,3,C+
81374505,4,B-
41708089,1,B+
41708089,2,B
41708089,3,A-
41708089,4,B+
67111880,1,B-
67111880,2,C
67111880,3,B-
67111880,4,B
36296848,1,F
36296848,2,B-
36296848,3,D
36296848,4,D
87877726,1,D
87877726,2,C-
87877726,3,C
87877726,4,C-
62817897,1,C
62817897,2,C+
62817897,3,B+
62817897,4,B-
68878408,1,C
68878408,2,B-
68878408,3,C+
68878408,4,B-
58887331,1,B+
58887331,2,C
58887331,3,B
58887331,4,C+
81799295,1,C+
81799295,2,C+
81799295,3,C
81799295,4,C
61216608,1,A
61216608,2,B
61216608,3,B
61216608,4,A
62577279,1,A
62577279,2,B+
62577279,3,A-
62577279,4,B+
47270718,1,B
47270718,2,A-
47270718,3,C
47270718,4,B-
11300443,1,C
11300443,2,C+
11300443,3,C-
11300443,4,C+
93235168,1,B-
93235168,2,B
93235168,3,A-
93235168,4,C-
21016339,1,C
21016339,2,C
21016339,3,A-
21016339,4,B-
65061087,1,B
65061087,2,C
65061087,3,B
65061087,4,B+
87461029,1,C
87461029,2,B
87461029,3,C+
87461029,4,B-
95228139,1,B+
95228139,2,A-
95228139,3,A
95228139,4,A
25683889,1,B-
25683889,2,B
25683889,3,B-
25683889,4,A-
41782310,1,C+
41782310,2,B-
41782310,3,C
41782310,4,B+
42399172,1,A
42399172,2,A+
42399172,3,A-
42399172,4,A-
98524705,1,C+
98524705,2,B+
98524705,3,C+
98524705,4,C-
52450952,1,C+
52450952,2,B
52450952,3,A-
52450952,4,A-
57039991,1,B
57039991,2,C-
57039991,3,C
57039991,4,B-
46665407,1,B-
46665407,2,A
46665407,3,C+
46665407,4,C+
94539986,1,B-
94539986,2,D-
94539986,3,C-
94539986,4,C-
19691142,1,A
19691142,2,A
19691142,3,B
19691142,4,C+
19691142,5,A
69613141,1,A-
69613141,2,A-
69613141,3,B+
69613141,4,B
25631289,1,A-
25631289,2,B+
25631289,3,B+
25631289,4,C+
41503504,1,A-
41503504,2,A+
41503504,3,F
41503504,4,A+
97475971,1,C-
97475971,2,D
97475971,3,C
97475971,4,C-
18102043,1,C+
18102043,2,C-
18102043,3,B-
18102043,4,D
23467688,1,C+
23467688,2,C+
23467688,3,C
23467688,4,C-
31645468,1,B+
31645468,2,A+
31645468,3,A
31645468,4,A
28942154,1,B+
28942154,2,C+
28942154,3,C
28942154,4,C
49768349,1,C+
49768349,2,A
49768349,3,A
49768349,4,B
54803692,1,B
54803692,2,C
54803692,3,C+
54803692,4,C
55518171,1,C
55518171,2,C+
55518171,3,B+
55518171,4,B
99681819,1,C-
99681819,2,C-
99681819,3,C
99681819,4,C-
13506462,1,A
13506462,2,B
13506462,3,A+
13506462,4,A+
13506462,5,A+
94452161,1,B-
94452161,2,C
94452161,3,B
94452161,4,B-
41309377,1,B
41309377,2,A-
41309377,3,F
41309377,4,A
39994224,1,A
39994224,2,C+
39994224,3,B-
39994224,4,A-
65973123,1,A
65973123,2,B
65973123,3,A
65973123,4,A-
22552708,1,D
22552708,2,D-
22552708,3,D+
22552708,4,C
34159262,1,A-
34159262,2,A-
34159262,3,A
34159262,4,B+
26708635,1,B+
26708635,2,C+
26708635,3,C
26708635,4,C+
26708635,5,C-
28861598,1,A
28861598,2,B
28861598,3,B+
28861598,4,B
37321581,1,A-
37321581,2,A-
37321581,3,A
37321581,4,B
77525841,1,C+
77525841,2,C+
77525841,3,B-
77525841,4,A-
11087006,1,A
11087006,2,A
11087006,3,A+
11087006,4,B
11087006,5,A-
63094262,1,C
63094262,2,B
63094262,3,A-
63094262,4,C
44664640,1,B-
44664640,2,C-
44664640,3,B-
44664640,4,D+
94069897,1,C-
94069897,2,B-
94069897,3,B-
94069897,4,B+
19295207,1,B
19295207,2,A
19295207,3,B+
19295207,4,A
23835204,1,C-
23835204,2,C+
23835204,3,B+
23835204,4,F
49644884,1,B
49644884,2,C-
49644884,3,B
49644884,4,C+
49644884,5,B-
49644884,6,D+
21113473,1,C+
21113473,2,B-
21113473,3,C+
21113473,4,C+
95781489,1,B+
95781489,2,C
95781489,3,B
95781489,4,B
16262411,1,C
16262411,2,A
16262411,3,B+
16262411,4,B-
35484700,1,C
35484700,2,C
35484700,3,B-
35484700,4,C-
92249077,1,C-
92249077,2,C+
92249077,3,B-
92249077,4,D+
92249077,5,B-
32560559,1,A
32560559,2,A-
32560559,3,B+
32560559,4,A-
58221642,1,C
58221642,2,B
58221642,3,B+
58221642,4,B-
91500440,1,B
91500440,2,C+
91500440,3,C+
91500440,4,C-
36972517,1,C+
36972517,2,C
36972517,3,B-
36972517,4,C-
78556586,1,D+
78556586,2,D+
78556586,3,B-
78556586,4,C+
78556586,5,C+
98172889,1,F
98172889,2,B
98172889,3,A
98172889,4,A+
65818136,1,A
65818136,2,B+
65818136,3,B
65818136,4,A-
65818136,5,A
65818136,6,B
86814482,1,B-
86814482,2,A
86814482,3,A
86814482,4,A-
69545151,1,B-
69545151,2,A-
69545151,3,B
69545151,4,A-
14328117,1,A
14328117,2,A
14328117,3,A
14328117,4,A+
76166127,1,B-
76166127,2,B-
76166127,3,B-
76166127,4,B+
68493939,1,B-
68493939,2,B
68493939,3,C+
68493939,4,C-
53338458,1,B-
53338458,2,B
53338458,3,C
53338458,4,B-
37289562,1,B
37289562,2,C+
37289562,3,A
37289562,4,A
62900919,1,A-
62900919,2,C-
62900919,3,A
62900919,4,C+
33095286,1,C
33095286,2,C
33095286,3,C
33095286,4,B-
33095286,5,C+
72318465,1,C-
72318465,2,C+
72318465,3,B-
72318465,4,B
39650470,1,A-
39650470,2,B-
39650470,3,A
39650470,4,B
37555620,1,B-
37555620,2,B
37555620,3,C+
37555620,4,B-
98408434,1,B
98408434,2,C+
98408434,3,B
98408434,4,B-
14747196,1,B+
14747196,2,B+
14747196,3,A
14747196,4,A+
11122625,1,B+
11122625,2,A-
11122625,3,B-
11122625,4,A-
33911469,1,B-
33911469,2,A-
33911469,3,A
33911469,4,B
66045060,1,C+
66045060,2,B
66045060,3,B
66045060,4,A-
57022350,1,C+
57022350,2,D
57022350,3,B-
57022350,4,C+
57022350,5,C+
22342030,1,A+
22342030,2,F
22342030,3,A-
22342030,4,A-
17401671,1,A
17401671,2,A+
17401671,3,B
17401671,4,A
48017791,1,A
48017791,2,B-
48017791,3,A
48017791,4,A
48017791,5,A
85350899,1,B+
85350899,2,A-
85350899,3,A-
85350899,4,A
41106072,1,C+
41106072,2,A-
41106072,3,A
41106072,4,B+
37058319,1,C
37058319,2,B-
37058319,3,B-
37058319,4,C-
47183055,1,C+
47183055,2,A
47183055,3,B
47183055,4,B+
25531149,1,B
25531149,2,B
25531149,3,B+
25531149,4,B+
69324664,1,A
69324664,2,A+
69324664,3,C-
69324664,4,A-
82171402,1,D+
82171402,2,B-
82171402,3,C+
82171402,4,B
92327325,1,B-
92327325,2,C-
92327325,3,B-
92327325,4,C+
93670797,1,C+
93670797,2,C+
93670797,3,A
93670797,4,B-
93670797,5,A-
79193090,1,B-
79193090,2,B-
79193090,3,B
79193090,4,B+
98937972,1,B+
98937972,2,A
98937972,3,A
98937972,4,A
39335368,1,B-
39335368,2,A
39335368,3,B+
39335368,4,B+
56700390,1,B-
56700390,2,D+
56700390,3,A
56700390,4,B-
56700390,5,B
76339474,1,B+
76339474,2,C+
76339474,3,C
76339474,4,A+
73479317,1,C+
73479317,2,C+
73479317,3,C+
73479317,4,B
61162266,1,B-
61162266,2,C+
61162266,3,C+
61162266,4,B
28009691,1,D+
28009691,2,C-
28009691,3,C+
28009691,4,B-
18145322,1,B-
18145322,2,D+
18145322,3,C
18145322,4,F
26772095,1,B
26772095,2,B-
26772095,3,B+
26772095,4,A-
33299434,1,A-
33299434,2,B+
33299434,3,B-
33299434,4,A-
62408533,1,A
62408533,2,B+
62408533,3,B-
62408533,4,B+
72868412,1,B+
72868412,2,A
72868412,3,B
72868412,4,A-
16516729,1,B-
16516729,2,D+
16516729,3,C
16516729,4,D
94646831,1,A-
94646831,2,A
94646831,3,A
94646831,4,A
34762126,1,C+
34762126,2,C
34762126,3,D+
34762126,4,B-
77171769,1,C+
77171769,2,C
77171769,3,B
77171769,4,B-
85551321,1,C-
85551321,2,B
85551321,3,B-
85551321,4,B-
79107351,1,C+
79107351,2,C+
79107351,3,A-
79107351,4,B-
86872909,1,B-
86872909,2,B
86872909,3,B+
86872909,4,A-
61043186,1,A
61043186,2,A
61043186,3,B-
61043186,4,B
25279060,1,B
25279060,2,B
25279060,3,B-
25279060,4,B+
25279060,5,C
17320982,1,B-
17320982,2,B-
17320982,3,C+
17320982,4,B
32542352,1,B
32542352,2,B-
32542352,3,B-
32542352,4,A-
35889416,1,B
35889416,2,C
35889416,3,B+
35889416,4,B-
41946902,1,C-
41946902,2,B+
41946902,3,B-
41946902,4,A-
89351837,1,A
89351837,2,B+
89351837,3,B+
89351837,4,A
98226527,1,B
98226527,2,C
98226527,3,A-
98226527,4,C
87699804,1,B+
87699804,2,B-
87699804,3,B+
87699804,4,C
18619364,1,C
18619364,2,C+
18619364,3,D-
18619364,4,D+
76795263,1,B+
76795263,2,B-
76795263,3,A-
76795263,4,B
18146898,1,C+
18146898,2,A-
18146898,3,B
18146898,4,A
18146898,5,A
21120404,1,C-
21120404,2,D
21120404,3,C+
21120404,4,C+
21120404,5,C-
21120404,6,B-
97666802,1,B-
97666802,2,B
97666802,3,B+
97666802,4,B-
58388118,1,C-
58388118,2,C-
58388118,3,C
58388118,4,D+
58767599,1,B-
58767599,2,C+
58767599,3,B
58767599,4,C
46122517,1,C
46122517,2,C-
46122517,3,C
46122517,4,B-
54525150,1,B-
54525150,2,D
54525150,3,B
54525150,4,B
54525150,5,B-
83004683,1,B-
83004683,2,B+
83004683,3,C+
83004683,4,B-
16271424,1,A+
16271424,2,B+
16271424,3,B+
16271424,4,B+
18763986,1,C
18763986,2,B-
18763986,3,C-
18763986,4,C-
88556334,1,B+
88556334,2,B
88556334,3,B
88556334,4,C
73490563,1,A-
73490563,2,A
73490563,3,B+
73490563,4,B-
13334660,1,C-
13334660,2,A-
13334660,3,B
13334660,4,A
13334660,5,C+
48577945,1,B-
48577945,2,B+
48577945,3,B-
48577945,4,F
56848229,1,C+
56848229,2,B-
56848229,3,C
56848229,4,B-
56848229,5,F
64090024,1,A
64090024,2,A-
64090024,3,B+
64090024,4,B-
64090024,5,C-
78895219,1,F
78895219,2,A-
78895219,3,A-
78895219,4,A-
95810428,1,A-
95810428,2,B+
95810428,3,B+
95810428,4,B+
16000144,1,B-
16000144,2,A
16000144,3,A-
16000144,4,A
74746564,1,B+
74746564,2,B+
74746564,3,C+
74746564,4,C+
36197608,1,C+
36197608,2,B-
36197608,3,C
36197608,4,B-
49562757,1,A-
49562757,2,B+
49562757,3,B
49562757,4,A
18903153,1,A
18903153,2,B-
18903153,3,A+
18903153,4,A-
21531908,1,A+
21531908,2,B
21531908,3,B-
21531908,4,A+
21531908,5,A-
79707718,1,A
79707718,2,F
79707718,3,A
79707718,4,A-
94654942,1,C-
94654942,2,B
94654942,3,B-
94654942,4,C-
22818208,1,B+
22818208,2,C+
22818208,3,B
22818208,4,B-
22818208,5,F
93907987,1,C-
93907987,2,B
93907987,3,C+
93907987,4,C-
86878423,1,C+
86878423,2,C-
86878423,3,D+
86878423,4,C+
75773553,1,A-
75773553,2,B
75773553,3,B
75773553,4,C
75773553,5,B-
39516310,1,C-
39516310,2,C
39516310,3,C+
39516310,4,B-
37047523,1,A+
37047523,2,A
37047523,3,A
37047523,4,A-
27506260,1,A-
27506260,2,A-
27506260,3,B+
27506260,4,C+
91163190,1,B-
91163190,2,B+
91163190,3,C+
91163190,4,A-
21711131,1,C
21711131,2,B+
21711131,3,B
21711131,4,D
17849429,1,B+
17849429,2,A
17849429,3,A-
17849429,4,A-
87061932,1,A
87061932,2,A
87061932,3,C+
87061932,4,A-
42370451,1,C+
42370451,2,C+
42370451,3,C-
42370451,4,D
42370451,5,D+
21332093,1,A
21332093,2,B+
21332093,3,A+
21332093,4,A
21332093,5,A-
43550023,1,A
43550023,2,A+
43550023,3,A
43550023,4,A-
59745631,1,C+
59745631,2,C
59745631,3,F
59745631,4,B-
92222992,1,A
92222992,2,A-
92222992,3,A-
92222992,4,B+
24236145,1,C+
24236145,2,B+
24236145,3,B
24236145,4,B+
17062729,1,C
17062729,2,B-
17062729,3,B-
17062729,4,B
19373929,1,C-
19373929,2,F
19373929,3,B-
19373929,4,C+
64390483,1,C+
64390483,2,B
64390483,3,C
64390483,4,B
32664338,1,A+
32664338,2,C+
32664338,3,B-
32664338,4,A
99711662,1,B+
99711662,2,B
99711662,3,B-
99711662,4,B
12845489,1,B-
12845489,2,B-
12845489,3,B-
12845489,4,C+
85803866,1,B+
85803866,2,C+
85803866,3,B-
85803866,4,B+
73050500,1,D
73050500,2,C+
73050500,3,C
73050500,4,D-
73050500,5,D
53546654,1,B-
53546654,2,B-
53546654,3,C-
53546654,4,B-
91991747,1,B-
91991747,2,C
91991747,3,D+
91991747,4,C-
71468843,1,B
71468843,2,A-
71468843,3,B-
71468843,4,A-
71330676,1,B
71330676,2,B-
71330676,3,B
71330676,4,C+
28874577,1,C+
28874577,2,D+
28874577,3,D
28874577,4,D+
32065766,1,B-
32065766,2,B-
32065766,3,C-
32065766,4,C+
97676547,1,B+
97676547,2,B-
97676547,3,B+
97676547,4,B-
73125630,1,C-
73125630,2,C+
73125630,3,C
73125630,4,C-
18135258,1,B
18135258,2,C-
18135258,3,C
18135258,4,C
22726251,1,A
22726251,2,B+
22726251,3,A
22726251,4,B
22726251,5,B+
86498851,1,A+
86498851,2,A+
86498851,3,A
86498851,4,B-
83463973,1,A-
83463973,2,B-
83463973,3,C+
83463973,4,B
83463973,5,B+
47919084,1,C+
47919084,2,B+
47919084,3,B
47919084,4,B-
93199816,1,A
93199816,2,B-
93199816,3,C+
93199816,4,B-
34540855,1,A
34540855,2,A-
34540855,3,B+
34540855,4,B-
38880228,1,A
38880228,2,A
38880228,3,A
38880228,4,A
38880228,5,B-
42562865,1,B+
42562865,2,A
42562865,3,A
42562865,4,B
73814962,1,D+
73814962,2,B-
73814962,3,B
73814962,4,C+
22185533,1,B
22185533,2,B-
22185533,3,C
22185533,4,F
89023597,1,A-
89023597,2,A
89023597,3,C
89023597,4,C+
89023597,5,A
98338172,1,D+
98338172,2,B-
98338172,3,C+
98338172,4,B+
33456587,1,C+
33456587,2,B+
33456587,3,B+
33456587,4,B+
33456587,5,B+
33456587,6,B
24766875,1,B+
24766875,2,B+
24766875,3,A
24766875,4,A-
83110251,1,A
83110251,2,A+
83110251,3,A
83110251,4,A
97697633,1,B
97697633,2,C
97697633,3,C+
97697633,4,A-
97697633,5,B
42001044,1,C+
42001044,2,C+
42001044,3,B+
42001044,4,B+
57620510,1,C
57620510,2,B+
57620510,3,C+
57620510,4,B-
98081901,1,C
98081901,2,B
98081901,3,B
98081901,4,B
83703219,1,B
83703219,2,B-
83703219,3,A-
83703219,4,B-
83703219,5,C-
49937834,1,B-
49937834,2,B
49937834,3,A-
49937834,4,A
14799049,1,B+
14799049,2,A
14799049,3,B
14799049,4,A-
14799049,5,A+
59888220,1,D+
59888220,2,B+
59888220,3,B
59888220,4,B+
99710742,1,B+
99710742,2,C+
99710742,3,B
99710742,4,B-
35157901,1,B+
35157901,2,B
35157901,3,A
35157901,4,B+
23432962,1,C+
23432962,2,A+
23432962,3,A+
23432962,4,A
23432962,5,B+
59596451,1,A
59596451,2,A
59596451,3,B-
59596451,4,C+
85627215,1,A
85627215,2,B+
85627215,3,C
85627215,4,B-
92470366,1,C
92470366,2,B-
92470366,3,D+
92470366,4,F
39189252,1,A
39189252,2,C+
39189252,3,B
39189252,4,C+
15185274,1,B-
15185274,2,A
15185274,3,B+
15185274,4,A-
97389461,1,B-
97389461,2,B-
97389461,3,B+
97389461,4,B-
61503494,1,B+
61503494,2,A
61503494,3,B+
61503494,4,A-
34286823,1,D
34286823,2,B
34286823,3,C
34286823,4,C
68176146,1,B+
68176146,2,B-
68176146,3,B-
68176146,4,C
16656132,1,B+
16656132,2,B+
16656132,3,A-
16656132,4,C
16656132,5,C+
11368605,1,B+
11368605,2,B+
11368605,3,C+
11368605,4,C+
28809271,1,A-
28809271,2,B
28809271,3,A
28809271,4,B-
99263764,1,C-
99263764,2,B-
99263764,3,B
99263764,4,F
99263764,5,B
33048680,1,B
33048680,2,B+
33048680,3,A
33048680,4,B-
37625337,1,A-
37625337,2,A-
37625337,3,B
37625337,4,A
47049067,1,A-
47049067,2,C+
47049067,3,B-
47049067,4,A
51983052,1,B
51983052,2,C
51983052,3,B+
51983052,4,D-
51983052,5,C+
41455438,1,A-
41455438,2,A
41455438,3,A-
41455438,4,A-
93515414,1,D+
93515414,2,D+
93515414,3,D+
93515414,4,D
75071678,1,A+
75071678,2,C+
75071678,3,B+
75071678,4,A+
75071678,5,A-
55527131,1,B-
55527131,2,B-
55527131,3,C+
55527131,4,C
77692846,1,C-
77692846,2,B+
77692846,3,C+
77692846,4,F
14553342,1,C
14553342,2,C
14553342,3,C
14553342,4,C-
41815626,1,C+
41815626,2,B-
41815626,3,C
41815626,4,C+
41002769,1,B-
41002769,2,A-
41002769,3,A
41002769,4,A-
56964737,1,A-
56964737,2,A-
56964737,3,B+
56964737,4,C-
98608800,1,B-
98608800,2,C+
98608800,3,D+
98608800,4,B-
36035961,1,A-
36035961,2,A
36035961,3,B+
36035961,4,A
54620174,1,B-
54620174,2,A
54620174,3,B-
54620174,4,A
13737223,1,A+
13737223,2,A
13737223,3,B
13737223,4,A+
33362575,1,C+
33362575,2,B
33362575,3,C+
33362575,4,C
98718765,1,B
98718765,2,A-
98718765,3,A-
98718765,4,A
24481499,1,B
24481499,2,B-
24481499,3,C
24481499,4,B-
47625013,1,C+
47625013,2,C
47625013,3,C+
47625013,4,C+
26940482,1,C+
26940482,2,C
26940482,3,B-
26940482,4,C-
28727554,1,C
28727554,2,B+
28727554,3,C
28727554,4,B+
28727554,5,B+
66215378,1,B-
66215378,2,B+
66215378,3,C+
66215378,4,C
57654672,1,A-
57654672,2,B
57654672,3,C
57654672,4,B+
57654672,5,C
85751818,1,A
85751818,2,B
85751818,3,A
85751818,4,A
69416122,1,C
69416122,2,B+
69416122,3,B-
69416122,4,C
88203847,1,B+
88203847,2,B-
88203847,3,B
88203847,4,B+
88203847,5,B-
65200833,1,A
65200833,2,A-
65200833,3,B-
65200833,4,B+
16740009,1,D+
16740009,2,D
16740009,3,D
16740009,4,C
12233455,1,B-
12233455,2,B+
12233455,3,C+
12233455,4,C+
12233455,5,C-
12233455,6,B-
81442742,1,B+
81442742,2,B
81442742,3,B+
81442742,4,C+
79666155,1,C+
79666155,2,A-
79666155,3,B
79666155,4,B
57653471,1,C-
57653471,2,C-
57653471,3,C
57653471,4,C+
35377782,1,C-
35377782,2,B-
35377782,3,C+
35377782,4,B
24949761,1,B+
24949761,2,C
24949761,3,C+
24949761,4,C
64682684,1,B
64682684,2,B+
64682684,3,B-
64682684,4,C+
85193434,1,B-
85193434,2,C
85193434,3,B-
85193434,4,A-
85193434,5,A-
78629980,1,B
78629980,2,B
78629980,3,C+
78629980,4,B+
61209613,1,B+
61209613,2,B
61209613,3,A
61209613,4,A
61735286,1,A
61735286,2,B+
61735286,3,A-
61735286,4,A
61735286,5,B+
73063107,1,B-
73063107,2,B
73063107,3,C
73063107,4,A
73063107,5,A-
53896512,1,B
53896512,2,C+
53896512,3,B
53896512,4,B
24787733,1,A
24787733,2,B-
24787733,3,B+
24787733,4,A
24787733,5,B+
87008206,1,A-
87008206,2,B+
87008206,3,A
87008206,4,A+
11669304,1,B+
11669304,2,C+
11669304,3,A-
11669304,4,B-
16924092,1,B+
16924092,2,B-
16924092,3,C+
16924092,4,B
74779468,1,C+
74779468,2,C+
74779468,3,A
74779468,4,B+
74779468,5,B+
56539540,1,C
56539540,2,C+
56539540,3,B
56539540,4,C
32974819,1,F
32974819,2,B
32974819,3,C-
32974819,4,B-
89552800,1,A-
89552800,2,B
89552800,3,B+
89552800,4,A
96926240,1,B
96926240,2,B-
96926240,3,C+
96926240,4,B
93857903,1,B-
93857903,2,A-
93857903,3,B+
93857903,4,C
28074652,1,B+
28074652,2,A
28074652,3,A-
28074652,4,A
65825537,1,B
65825537,2,B+
65825537,3,A-
65825537,4,A
65825537,5,B
81989878,1,B
81989878,2,C-
81989878,3,B
81989878,4,C
66237053,1,B
66237053,2,A
66237053,3,A+
66237053,4,A
66237053,5,A+
83299606,1,F
83299606,2,B
83299606,3,B-
83299606,4,B
83299606,5,B-
48917938,1,C
48917938,2,B+
48917938,3,C+
48917938,4,B-
48917938,5,C+
54048131,1,B-
54048131,2,C+
54048131,3,B-
54048131,4,B-
13128851,1,B+
13128851,2,B+
13128851,3,C+
13128851,4,A-
19432814,1,A
19432814,2,A
19432814,3,B+
19432814,4,A+
11279006,1,A-
11279006,2,A-
11279006,3,B+
11279006,4,B
47157603,1,C+
47157603,2,B
47157603,3,B
47157603,4,B+
89360978,1,D+
89360978,2,C-
89360978,3,C
89360978,4,B
34575521,1,B
34575521,2,C-
34575521,3,B+
34575521,4,A
34575521,5,B
34575521,6,C-
55116105,1,A
55116105,2,A-
55116105,3,B-
55116105,4,A-
55116105,5,A
81973304,1,A+
81973304,2,B-
81973304,3,B
81973304,4,B+
37490156,1,A
37490156,2,C+
37490156,3,A-
37490156,4,A
89348645,1,B+
89348645,2,A
89348645,3,A-
89348645,4,A
44213674,1,A-
44213674,2,B-
44213674,3,A
44213674,4,B
54237591,1,C
54237591,2,B-
54237591,3,D+
54237591,4,C
74044800,1,B
74044800,2,B+
74044800,3,B+
74044800,4,A-
51045012,1,C-
51045012,2,C+
51045012,3,C+
51045012,4,C
27237707,1,B-
27237707,2,D
27237707,3,D-
27237707,4,B-
61040506,1,A
61040506,2,A
61040506,3,A+
61040506,4,B+
61040506,5,B+
13424798,1,A
13424798,2,C+
13424798,3,C+
13424798,4,B
44915331,1,A
44915331,2,B
44915331,3,A
44915331,4,B+
25849311,1,B+
25849311,2,A
25849311,3,A
25849311,4,B-
91998953,1,A
91998953,2,B+
91998953,3,A+
91998953,4,A
95870215,1,C
95870215,2,C+
95870215,3,B
95870215,4,B-
48819047,1,B+
48819047,2,A-
48819047,3,A-
48819047,4,A
48819047,5,A
33925503,1,B+
33925503,2,A-
33925503,3,C+
33925503,4,B
33925503,5,B
95657162,1,C
95657162,2,B
95657162,3,C-
95657162,4,B-
95657162,5,D+
38523802,1,B
38523802,2,A
38523802,3,B
38523802,4,A
93103277,1,B-
93103277,2,B
93103277,3,A
93103277,4,B-
43319977,1,B
43319977,2,B+
43319977,3,B+
43319977,4,B
61190247,1,A
61190247,2,C
61190247,3,A
61190247,4,B-
79492278,1,C
79492278,2,D
79492278,3,B
79492278,4,C
51002141,1,B
51002141,2,B-
51002141,3,B+
51002141,4,C
33681985,1,A
33681985,2,A
33681985,3,B+
33681985,4,A
41921203,1,B+
41921203,2,C-
41921203,3,C+
41921203,4,C+
59143258,1,B+
59143258,2,B+
59143258,3,B-
59143258,4,B-
47059224,1,B+
47059224,2,C+
47059224,3,A
47059224,4,A
22939273,1,A
22939273,2,C+
22939273,3,C+
22939273,4,B-
14493560,1,B+
14493560,2,C+
14493560,3,C+
14493560,4,C
14493560,5,B-
92141798,1,B
92141798,2,A
92141798,3,B
92141798,4,A-
92141798,5,C+
67063521,1,B+
67063521,2,B-
67063521,3,A-
67063521,4,B
54091405,1,A
54091405,2,A+
54091405,3,A+
54091405,4,A+
54091405,5,A
91727178,1,B-
91727178,2,C
91727178,3,C+
91727178,4,B-
91786247,1,C
91786247,2,B-
91786247,3,B-
91786247,4,B-
32395861,1,A-
32395861,2,A-
32395861,3,B+
32395861,4,A-
54037089,1,A
54037089,2,A
54037089,3,C+
54037089,4,B-
54037089,5,B-
54037089,6,B+
49775503,1,B-
49775503,2,C-
49775503,3,C-
49775503,4,C+
55317875,1,B
55317875,2,C
55317875,3,C-
55317875,4,C
55317875,5,B
68703850,1,B-
68703850,2,C+
68703850,3,B+
68703850,4,B+
78838211,1,B
78838211,2,B+
78838211,3,B
78838211,4,F
78838211,5,C-
78838211,6,B+
76588694,1,A-
76588694,2,A-
76588694,3,C+
76588694,4,B-
72589274,1,B
72589274,2,B
72589274,3,B+
72589274,4,C
18875357,1,B
18875357,2,B-
18875357,3,B
18875357,4,B
18875357,5,A
21753286,1,C+
21753286,2,A-
21753286,3,A-
21753286,4,B-
59166164,1,C
59166164,2,B+
59166164,3,A
59166164,4,B-
39432612,1,B+
39432612,2,A+
39432612,3,A+
39432612,4,A+
39432612,5,A
66391465,1,B
66391465,2,B+
66391465,3,A
66391465,4,B+
45689593,1,C-
45689593,2,D+
45689593,3,B
45689593,4,B
63789622,1,A+
63789622,2,A
63789622,3,A+
63789622,4,B+
77962097,1,B-
77962097,2,C+
77962097,3,B-
77962097,4,C+
77962097,5,B-
77962097,6,D+
56880501,1,A-
56880501,2,C+
56880501,3,B
56880501,4,B-
41425164,1,B+
41425164,2,B
41425164,3,A
41425164,4,B
33587148,1,C+
33587148,2,C+
33587148,3,C-
33587148,4,F
82056692,1,A+
82056692,2,A
82056692,3,A-
82056692,4,A+
82056692,5,A
69273812,1,C
69273812,2,C-
69273812,3,B
69273812,4,B
69273812,5,B-
57159785,1,B
57159785,2,B
57159785,3,B+
57159785,4,A-
11247797,1,B-
11247797,2,B
11247797,3,C
11247797,4,B-
11247797,5,A-
78414966,1,C+
78414966,2,A+
78414966,3,A+
78414966,4,B
75056611,1,C
75056611,2,B-
75056611,3,C-
75056611,4,C+
23707464,1,B
23707464,2,B+
23707464,3,B-
23707464,4,B+
93655688,1,A+
93655688,2,A
93655688,3,A
93655688,4,A
14741958,1,A-
14741958,2,B-
14741958,3,A
14741958,4,A
19708770,1,D-
19708770,2,B+
19708770,3,C+
19708770,4,C+
96417449,1,B
96417449,2,C
96417449,3,A
96417449,4,B+
59965140,1,B+
59965140,2,C+
59965140,3,F
59965140,4,B+
59965140,5,B
54343087,1,A
54343087,2,B+
54343087,3,B+
54343087,4,A
96686278,1,A-
96686278,2,A-
96686278,3,B+
96686278,4,B
26191898,1,A+
26191898,2,A-
26191898,3,B
26191898,4,A+
61733385,1,C+
61733385,2,D+
61733385,3,C+
61733385,4,C
49374407,1,B+
49374407,2,A
49374407,3,B-
49374407,4,A
34970673,1,B
34970673,2,A-
34970673,3,B-
34970673,4,B
34970673,5,B+
27241348,1,A+
27241348,2,A
27241348,3,A+
27241348,4,A-
29845927,1,B
29845927,2,C+
29845927,3,B
29845927,4,A
73704596,1,B-
73704596,2,C+
73704596,3,B+
73704596,4,A-
87728598,1,A
87728598,2,B
87728598,3,B+
87728598,4,B-
86921042,1,C
86921042,2,B
86921042,3,C+
86921042,4,B-
86921042,5,C+
86921042,6,B
77540934,1,C-
77540934,2,B
77540934,3,B
77540934,4,C+
77540934,5,C
95487628,1,D+
95487628,2,C-
95487628,3,D-
95487628,4,D
17692309,1,A
17692309,2,B+
17692309,3,A-
17692309,4,A
17692309,5,B+
72167290,1,B-
72167290,2,B-
72167290,3,B
72167290,4,B+
91080277,1,A-
91080277,2,B+
91080277,3,C+
91080277,4,A
81261504,1,B+
81261504,2,A-
81261504,3,B
81261504,4,C+
86869965,1,A-
86869965,2,B
86869965,3,B+
86869965,4,F
86869965,5,A-
18726118,1,A
18726118,2,B+
18726118,3,A
18726118,4,A
44114299,1,B
44114299,2,C+
44114299,3,C+
44114299,4,B-
95670421,1,B-
95670421,2,C+
95670421,3,B
95670421,4,C+
72486170,1,A
72486170,2,A
72486170,3,B
72486170,4,B
62504526,1,A
62504526,2,A-
62504526,3,B+
62504526,4,A-
93326898,1,C
93326898,2,B+
93326898,3,B
93326898,4,C+
12696658,1,C-
12696658,2,D
12696658,3,B
12696658,4,C+
49854396,1,D+
49854396,2,B-
49854396,3,B-
49854396,4,B
48253260,1,A-
48253260,2,A
48253260,3,B
48253260,4,A
15082684,1,A
15082684,2,A+
15082684,3,A-
15082684,4,A+
74103376,1,C
74103376,2,B-
74103376,3,C-
74103376,4,B
74103376,5,D
72902177,1,B
72902177,2,A+
72902177,3,B-
72902177,4,B-
49341721,1,F
49341721,2,A
49341721,3,A-
49341721,4,A-
97476278,1,C+
97476278,2,B-
97476278,3,B-
97476278,4,B
97476278,5,B-
99846319,1,B-
99846319,2,C+
99846319,3,B
99846319,4,C-
99846319,5,B
43576264,1,C-
43576264,2,C+
43576264,3,B+
43576264,4,B
66324861,1,C-
66324861,2,B-
66324861,3,B
66324861,4,C-
26199721,1,B-
26199721,2,C-
26199721,3,C+
26199721,4,C
26199721,5,D+
46090320,1,B
46090320,2,B
46090320,3,A-
46090320,4,D+
46090320,5,B-
75067328,1,B+
75067328,2,B
75067328,3,B
75067328,4,C+
97880648,1,C+
97880648,2,A
97880648,3,B
97880648,4,B+
52821925,1,A-
52821925,2,B+
52821925,3,B-
52821925,4,C+
68958588,1,D+
68958588,2,B-
68958588,3,C+
68958588,4,B+
17441820,1,F
17441820,2,C-
17441820,3,C-
17441820,4,B-
71363695,1,C+
71363695,2,C
71363695,3,C
71363695,4,C-
41139491,1,C-
41139491,2,A-
41139491,3,D+
41139491,4,B+
88072398,1,C
88072398,2,C+
88072398,3,B-
88072398,4,C-
58638242,1,B+
58638242,2,B-
58638242,3,C+
58638242,4,C-
83934114,1,B
83934114,2,C+
83934114,3,B
83934114,4,C
87930796,1,B
87930796,2,B
87930796,3,B
87930796,4,B-
59389629,1,B-
59389629,2,C
59389629,3,B+
59389629,4,C-
21591735,1,A-
21591735,2,A
21591735,3,C
21591735,4,B-
23670491,1,B+
23670491,2,C+
23670491,3,B+
23670491,4,B-
21390982,1,A-
21390982,2,B-
21390982,3,C+
21390982,4,A-
68602404,1,C+
68602404,2,C-
68602404,3,B-
68602404,4,C-
68602404,5,C+
26086082,1,B+
26086082,2,B
26086082,3,C-
26086082,4,C+
85645235,1,B-
85645235,2,A-
85645235,3,B+
85645235,4,A
91016618,1,B+
91016618,2,A+
91016618,3,A
91016618,4,B+
17579690,1,C-
17579690,2,C-
17579690,3,B-
17579690,4,C-
89724963,1,B-
89724963,2,B
89724963,3,A
89724963,4,A
94863426,1,F
94863426,2,C-
94863426,3,C-
94863426,4,B-
94863426,5,C+
47883606,1,D
47883606,2,C
47883606,3,C-
47883606,4,C
94987342,1,A-
94987342,2,A
94987342,3,A
94987342,4,A
28337228,1,C-
28337228,2,B-
28337228,3,D-
28337228,4,C+
84660814,1,B
84660814,2,B+
84660814,3,B
84660814,4,B-
41798762,1,B-
41798762,2,C-
41798762,3,F
41798762,4,C-
28023085,1,A
28023085,2,A
28023085,3,A
28023085,4,A
42951041,1,C
42951041,2,C+
42951041,3,C+
42951041,4,B
42951041,5,C+
42951041,6,D
76192897,1,C
76192897,2,D+
76192897,3,C
76192897,4,C+
29647182,1,B-
29647182,2,C+
29647182,3,B
29647182,4,B-
29647182,5,C-
85416480,1,C+
85416480,2,A
85416480,3,B+
85416480,4,A
45788225,1,B+
45788225,2,B+
45788225,3,A-
45788225,4,B-
77333943,1,A-
77333943,2,B+
77333943,3,B-
77333943,4,C
77333943,5,C+
99597975,1,B+
99597975,2,B-
99597975,3,B
99597975,4,C-
95940107,1,A-
95940107,2,B-
95940107,3,B-
95940107,4,B+
88053766,1,C+
88053766,2,B
88053766,3,A-
88053766,4,B-
58447470,1,A
58447470,2,A-
58447470,3,B+
58447470,4,C+
58447470,5,A-
79353605,1,B
79353605,2,B-
79353605,3,B
79353605,4,A-
79353605,5,B
94160997,1,B+
94160997,2,C+
94160997,3,B
94160997,4,A
91844421,1,C+
91844421,2,B-
91844421,3,C-
91844421,4,B
41769536,1,B
41769536,2,C+
41769536,3,B-
41769536,4,C+
18638904,1,C+
18638904,2,A-
18638904,3,B-
18638904,4,C+
54432575,1,B
54432575,2,B
54432575,3,A-
54432575,4,B+
79207197,1,A
79207197,2,B
79207197,3,A-
79207197,4,A-
72178401,1,B
72178401,2,B+
72178401,3,B-
72178401,4,B+
64067405,1,A-
64067405,2,A
64067405,3,B
64067405,4,A
64540733,1,B
64540733,2,A
64540733,3,A
64540733,4,A
64413390,1,A
64413390,2,B+
64413390,3,B
64413390,4,B+
34072637,1,B
34072637,2,C+
34072637,3,B
34072637,4,C
34072637,5,B+
73710243,1,C+
73710243,2,A-
73710243,3,B+
73710243,4,A-
53518481,1,B
53518481,2,A-
53518481,3,A
53518481,4,A
53518481,5,A
51089450,1,B-
51089450,2,A
51089450,3,A-
51089450,4,B-
51089450,5,B
85419672,1,C
85419672,2,C-
85419672,3,B-
85419672,4,C
99034027,1,D
99034027,2,C
99034027,3,C
99034027,4,C-
92578011,1,B
92578011,2,B
92578011,3,B+
92578011,4,B
69488998,1,A-
69488998,2,A-
69488998,3,B-
69488998,4,B+
64106291,1,B+
64106291,2,C-
64106291,3,B-
64106291,4,B+
64106291,5,B
13766523,1,B
13766523,2,C+
13766523,3,B
13766523,4,B-
44789963,1,B
44789963,2,C
44789963,3,B
44789963,4,B-
58265929,1,C-
58265929,2,D+
58265929,3,B-
58265929,4,B-
34522944,1,B
34522944,2,C+
34522944,3,A-
34522944,4,A
34522944,5,A
21606077,1,C
21606077,2,D+
21606077,3,D+
21606077,4,C+
89457483,1,B
89457483,2,C+
89457483,3,B-
89457483,4,A-
15326280,1,C
15326280,2,C+
15326280,3,B
15326280,4,B+
94336864,1,B
94336864,2,B
94336864,3,F
94336864,4,B+
94336864,5,A
66745316,1,B-
66745316,2,B-
66745316,3,C+
66745316,4,C+
38815628,1,B-
38815628,2,B-
38815628,3,B-
38815628,4,C+
58893590,1,B+
58893590,2,B
58893590,3,B+
58893590,4,A-
58609212,1,A-
58609212,2,A-
58609212,3,B-
58609212,4,B+
38364865,1,B
38364865,2,C+
38364865,3,A-
38364865,4,B
38364865,5,A-
38364865,6,A-
74827501,1,B+
74827501,2,B-
74827501,3,C+
74827501,4,A
74827501,5,A-
88547463,1,A-
88547463,2,B+
88547463,3,A-
88547463,4,B-
57381060,1,C+
57381060,2,C-
57381060,3,C+
57381060,4,C-
95048562,1,B+
95048562,2,B-
95048562,3,C
95048562,4,C+
31792412,1,A
31792412,2,A-
31792412,3,B-
31792412,4,A
71584398,1,A-
71584398,2,B+
71584398,3,C+
71584398,4,C
71584398,5,C+
57720705,1,B-
57720705,2,A+
57720705,3,A
57720705,4,A+
37198907,1,B-
37198907,2,F
37198907,3,C+
37198907,4,A+
37198907,5,B+
19947981,1,C
19947981,2,C
19947981,3,C+
19947981,4,A-
96953587,1,C
96953587,2,C+
96953587,3,B-
96953587,4,C
79904411,1,C+
79904411,2,C+
79904411,3,B+
79904411,4,C
97712858,1,C+
97712858,2,B
97712858,3,B-
97712858,4,A-
73323321,1,C-
73323321,2,C
73323321,3,A-
73323321,4,C+
31898647,1,C+
31898647,2,B-
31898647,3,B+
31898647,4,B
31898647,5,B-
71978172,1,C+
71978172,2,C+
71978172,3,A-
71978172,4,F
36676662,1,B-
36676662,2,C-
36676662,3,C+
36676662,4,C-
59371697,1,A
59371697,2,A-
59371697,3,B+
59371697,4,B+
74972433,1,C+
74972433,2,B
74972433,3,B
74972433,4,B+
36154734,1,B+
36154734,2,B-
36154734,3,A-
36154734,4,B-
89071061,1,B-
89071061,2,B-
89071061,3,B+
89071061,4,B+
89071061,5,C-
36944633,1,D+
36944633,2,C+
36944633,3,D+
36944633,4,D-
65828167,1,B+
65828167,2,B+
65828167,3,A-
65828167,4,C
21656284,1,B-
21656284,2,B+
21656284,3,B
21656284,4,C
45411081,1,A
45411081,2,A-
45411081,3,A-
45411081,4,B-
45411081,5,A-
45411081,6,A
75324057,1,B+
75324057,2,B-
75324057,3,B-
75324057,4,C+
57657401,1,B+
57657401,2,B
57657401,3,C
57657401,4,A
56468390,1,A-
56468390,2,B+
56468390,3,A
56468390,4,B
98211395,1,B
98211395,2,A
98211395,3,B
98211395,4,B
95757166,1,B-
95757166,2,C
95757166,3,B-
95757166,4,B-
25585843,1,B+
25585843,2,C
25585843,3,B+
25585843,4,B+
25585843,5,B+
39329538,1,B-
39329538,2,A-
39329538,3,A
39329538,4,B-
83849846,1,C+
83849846,2,B-
83849846,3,B-
83849846,4,C+
94328777,1,B-
94328777,2,B-
94328777,3,C+
94328777,4,B-
13097051,1,B
13097051,2,B
13097051,3,B-
13097051,4,B-
17503514,1,B
17503514,2,C+
17503514,3,B
17503514,4,C+
17503514,5,B+
28017417,1,D+
28017417,2,C
28017417,3,D+
28017417,4,C
32738684,1,A-
32738684,2,A-
32738684,3,A+
32738684,4,B
47554076,1,C
47554076,2,A
47554076,3,A
47554076,4,B+
47554076,5,B-
17953671,1,B+
17953671,2,B-
17953671,3,F
17953671,4,B
93174233,1,B-
93174233,2,A-
93174233,3,B
93174233,4,B-
93174233,5,B
31954798,1,B
31954798,2,A
31954798,3,A-
31954798,4,B-
31302599,1,A
31302599,2,A
31302599,3,A-
31302599,4,B-
79168339,1,C
79168339,2,C
79168339,3,C-
79168339,4,C+
79168339,5,C
35624469,1,B+
35624469,2,A
35624469,3,A
35624469,4,A
34353329,1,C-
34353329,2,D
34353329,3,C+
34353329,4,D
61097677,1,C
61097677,2,B+
61097677,3,B
61097677,4,B+
51808548,1,A
51808548,2,A-
51808548,3,A-
51808548,4,A
21382324,1,F
21382324,2,B-
21382324,3,D-
21382324,4,B-
16762723,1,A
16762723,2,A
16762723,3,A-
16762723,4,B-
92025449,1,C+
92025449,2,B
92025449,3,B
92025449,4,C
89702928,1,A
89702928,2,A
89702928,3,A+
89702928,4,A-
89865571,1,C-
89865571,2,C+
89865571,3,B-
89865571,4,D+
34358015,1,B+
34358015,2,A-
34358015,3,B+
34358015,4,C+
34358015,5,B
15647286,1,B
15647286,2,A-
15647286,3,B+
15647286,4,B+
57113281,1,B-
57113281,2,C
57113281,3,C-
57113281,4,B-
43409803,1,C
43409803,2,B
43409803,3,C-
43409803,4,C+
85038328,1,C
85038328,2,C
85038328,3,C
85038328,4,B-
49575250,1,C+
49575250,2,B+
49575250,3,A-
49575250,4,C+
59068112,1,C
59068112,2,B-
59068112,3,C+
59068112,4,C-
63824368,1,A-
63824368,2,B
63824368,3,B
63824368,4,A-
86627842,1,A-
86627842,2,C+
86627842,3,B
86627842,4,B-
86627842,5,C
62929472,1,D+
62929472,2,C+
62929472,3,D
62929472,4,C-
33780930,1,C
33780930,2,C
33780930,3,C-
33780930,4,C+
33780930,5,C-
25022163,1,B+
25022163,2,A-
25022163,3,A
25022163,4,A
25022163,5,A
12133409,1,B-
12133409,2,A-
12133409,3,B-
12133409,4,C+
44827073,1,B-
44827073,2,C+
44827073,3,C
44827073,4,D+
45163658,1,D+
45163658,2,C+
45163658,3,C
45163658,4,C+
28330764,1,A
28330764,2,A-
28330764,3,B+
28330764,4,A
28330764,5,A+
34124591,1,B+
34124591,2,D+
34124591,3,B+
34124591,4,B-
45467748,1,B+
45467748,2,A-
45467748,3,A-
45467748,4,A-
16898164,1,A-
16898164,2,B+
16898164,3,A
16898164,4,B
16898164,5,B
48525026,1,A
48525026,2,B
48525026,3,A-
48525026,4,B
48525026,5,A
61221250,1,B+
61221250,2,B
61221250,3,B-
61221250,4,B-
93780081,1,B
93780081,2,C+
93780081,3,C+
93780081,4,B-
64535906,1,A-
64535906,2,A
64535906,3,B-
64535906,4,A
55814502,1,B+
55814502,2,B+
55814502,3,B-
55814502,4,F
24781512,1,B-
24781512,2,B+
24781512,3,A-
24781512,4,B-
22112481,1,C
22112481,2,B+
22112481,3,A
22112481,4,A
31463369,1,B+
31463369,2,A
31463369,3,A+
31463369,4,A
73643535,1,B
73643535,2,C+
73643535,3,A
73643535,4,A
37517515,1,A-
37517515,2,A-
37517515,3,B
37517515,4,A
87623741,1,A
87623741,2,B-
87623741,3,B+
87623741,4,B
12126304,1,B-
12126304,2,B
12126304,3,C-
12126304,4,B
48936336,1,A
48936336,2,A-
48936336,3,B
48936336,4,B+
15435890,1,C+
15435890,2,B-
15435890,3,D+
15435890,4,D+
43362672,1,A-
43362672,2,A
43362672,3,B
43362672,4,B+
43362672,5,F
57429720,1,A-
57429720,2,A
57429720,3,A-
57429720,4,B
57538023,1,A
57538023,2,A+
57538023,3,A-
57538023,4,A
45107958,1,B+
45107958,2,A+
45107958,3,B+
45107958,4,B+
63858137,1,A-
63858137,2,A+
63858137,3,A-
63858137,4,A+
62959100,1,C-
62959100,2,D-
62959100,3,C-
62959100,4,B-
74258249,1,A-
74258249,2,A-
74258249,3,B
74258249,4,A
97449359,1,C-
97449359,2,D
97449359,3,D+
97449359,4,B-
73183457,1,B+
73183457,2,A-
73183457,3,A
73183457,4,A-
73183457,5,B+
51595305,1,A
51595305,2,A-
51595305,3,A
51595305,4,B
51595305,5,C+
51595305,6,B
67755158,1,C-
67755158,2,B-
67755158,3,B+
67755158,4,D+
48454136,1,A-
48454136,2,A
48454136,3,A-
48454136,4,A
82398372,1,A+
82398372,2,A
82398372,3,A
82398372,4,A+
82398372,5,A
87709390,1,C+
87709390,2,C+
87709390,3,A-
87709390,4,B-
67136320,1,C
67136320,2,B
67136320,3,B
67136320,4,C-
77280777,1,D
77280777,2,D-
77280777,3,D
77280777,4,D
77280777,5,D+
19864390,1,B+
19864390,2,A-
19864390,3,B
19864390,4,B+
19864390,5,B
34102997,1,C-
34102997,2,F
34102997,3,C
34102997,4,C
48539922,1,A
48539922,2,A-
48539922,3,A
48539922,4,B+
98390308,1,C+
98390308,2,B
98390308,3,B
98390308,4,A
15676633,1,B
15676633,2,B-
15676633,3,B
15676633,4,B-
74133072,1,B
74133072,2,A-
74133072,3,A-
74133072,4,A-
74133072,5,A-
74133072,6,B
51594175,1,D+
51594175,2,B+
51594175,3,C+
51594175,4,C
69933652,1,C+
69933652,2,C+
69933652,3,B-
69933652,4,C
77055330,1,A
77055330,2,B+
77055330,3,A+
77055330,4,A-
65042278,1,B+
65042278,2,A
65042278,3,A
65042278,4,B+
65042278,5,C
65042278,6,B
29887464,1,B
29887464,2,B-
29887464,3,A-
29887464,4,B-
32628100,1,B-
32628100,2,C-
32628100,3,C
32628100,4,B
63711901,1,B-
63711901,2,B-
63711901,3,C+
63711901,4,B+
63711901,5,B
75608232,1,B
75608232,2,C-
75608232,3,C-
75608232,4,F
12182038,1,B
12182038,2,B-
12182038,3,C
12182038,4,B
12182038,5,B+
99682930,1,C+
99682930,2,A-
99682930,3,B+
99682930,4,C+
38761837,1,C+
38761837,2,C
38761837,3,C
38761837,4,D+
89240347,1,C+
89240347,2,C
89240347,3,A
89240347,4,A
53235751,1,B+
53235751,2,A-
53235751,3,A+
53235751,4,B+
97004425,1,B-
97004425,2,B-
97004425,3,C
97004425,4,B-
61644862,1,B-
61644862,2,C-
61644862,3,B
61644862,4,D
43412970,1,B-
43412970,2,B
43412970,3,B+
43412970,4,B
43412970,5,B
74959583,1,B-
74959583,2,C+
74959583,3,A+
74959583,4,A
23196881,1,C-
23196881,2,C-
23196881,3,B-
23196881,4,D
23196881,5,B-
32540669,1,D+
32540669,2,C
32540669,3,C+
32540669,4,C
53198900,1,B-
53198900,2,C-
53198900,3,C
53198900,4,C+
46659420,1,A
46659420,2,B+
46659420,3,B
46659420,4,B+
36339755,1,B+
36339755,2,A-
36339755,3,B-
36339755,4,B
36339755,5,A-
36339755,6,A-
54501802,1,B-
54501802,2,C
54501802,3,C+
54501802,4,F
45971762,1,B+
45971762,2,B+
45971762,3,B+
45971762,4,F
45971762,5,A
45201278,1,B
45201278,2,B
45201278,3,B
45201278,4,A-
72902567,1,B-
72902567,2,C-
72902567,3,B+
72902567,4,C-
72902567,5,D+
35393936,1,B-
35393936,2,B-
35393936,3,C+
35393936,4,C
35393936,5,C+
49667933,1,B-
49667933,2,C+
49667933,3,C+
49667933,4,D+
52374766,1,B
52374766,2,C-
52374766,3,A-
52374766,4,C+
15393025,1,C
15393025,2,B
15393025,3,C
15393025,4,B+
52545549,1,A
52545549,2,B-
52545549,3,C+
52545549,4,B+
11137048,1,B
11137048,2,A
11137048,3,A-
11137048,4,A+
84284586,1,B+
84284586,2,C+
84284586,3,B-
84284586,4,B+
23989066,1,A-
23989066,2,A-
23989066,3,B+
23989066,4,A-
23989066,5,A
85233406,1,B-
85233406,2,C-
85233406,3,B-
85233406,4,B
35581905,1,A-
35581905,2,A-
35581905,3,B+
35581905,4,A-
35581905,5,B+
55268354,1,A
55268354,2,C
55268354,3,A-
55268354,4,A
85325172,1,A+
85325172,2,A
85325172,3,A
85325172,4,C+
68377347,1,C+
68377347,2,B
68377347,3,D+
68377347,4,C
13342182,1,B
13342182,2,B
13342182,3,B+
13342182,4,C+
84943934,1,C+
84943934,2,B+
84943934,3,B-
84943934,4,C-
18210800,1,B+
18210800,2,A-
18210800,3,B-
18210800,4,B
18210800,5,B
72472204,1,B-
72472204,2,B-
72472204,3,B
72472204,4,D+
27422072,1,C+
27422072,2,A-
27422072,3,B+
27422072,4,A
27422072,5,A-
27422072,6,A
12818285,1,C+
12818285,2,A
12818285,3,C
12818285,4,B-
38487729,1,B
38487729,2,A
38487729,3,A
38487729,4,A-
82920470,1,B+
82920470,2,A-
82920470,3,C+
82920470,4,A
94530465,1,A-
94530465,2,B
94530465,3,C
94530465,4,B+
94530465,5,B-
92823590,1,B-
92823590,2,A-
92823590,3,B+
92823590,4,B+
63568586,1,B+
63568586,2,B+
63568586,3,A
63568586,4,A-
14547879,1,F
14547879,2,C
14547879,3,C-
14547879,4,C-
84852742,1,B-
84852742,2,B+
84852742,3,B
84852742,4,B
34738721,1,A+
34738721,2,A
34738721,3,A-
34738721,4,B+
34738721,5,B-
49352537,1,B+
49352537,2,C+
49352537,3,B+
49352537,4,B
63720078,1,C-
63720078,2,C+
63720078,3,A-
63720078,4,A
88971662,1,C
88971662,2,B
88971662,3,C
88971662,4,A
91243035,1,A-
91243035,2,A
91243035,3,A
91243035,4,B+
91243035,5,A-
93692669,1,A
93692669,2,B+
93692669,3,B+
93692669,4,A
38946695,1,A
38946695,2,A-
38946695,3,A-
38946695,4,B+
59017212,1,B
59017212,2,D+
59017212,3,B+
59017212,4,C+
79599123,1,B-
79599123,2,B
79599123,3,B
79599123,4,A-
78427112,1,D+
78427112,2,A-
78427112,3,A-
78427112,4,A-
45012005,1,B
45012005,2,B-
45012005,3,B
45012005,4,B
76103304,1,A-
76103304,2,B-
76103304,3,A-
76103304,4,A-
64521977,1,C+
64521977,2,C+
64521977,3,C
64521977,4,D+
73810036,1,A
73810036,2,B+
73810036,3,A
73810036,4,A-
42956723,1,B-
42956723,2,B-
42956723,3,B
42956723,4,C
58745292,1,B
58745292,2,A+
58745292,3,B
58745292,4,B+
52810524,1,C+
52810524,2,C
52810524,3,A
52810524,4,B-
43122261,1,B+
43122261,2,A
43122261,3,A-
43122261,4,A+
43122261,5,A+
74312941,1,A
74312941,2,B-
74312941,3,A+
74312941,4,A
68138683,1,B
68138683,2,C+
68138683,3,A
68138683,4,C+
67155740,1,B
67155740,2,B+
67155740,3,B
67155740,4,B
75931824,1,A+
75931824,2,A
75931824,3,A-
75931824,4,A-
51065241,1,A
51065241,2,A
51065241,3,A
51065241,4,A
68310512,1,A-
68310512,2,A
68310512,3,C+
68310512,4,A
45675081,1,B-
45675081,2,A-
45675081,3,B+
45675081,4,B+
45675081,5,B-
56197444,1,B+
56197444,2,B
56197444,3,C+
56197444,4,B-
87233696,1,C+
87233696,2,A-
87233696,3,C-
87233696,4,B
87233696,5,C
27670277,1,C
27670277,2,C+
27670277,3,F
27670277,4,D
27670277,5,C-
59236376,1,B+
59236376,2,B-
59236376,3,B
59236376,4,B+
19241952,1,C
19241952,2,C-
19241952,3,D
19241952,4,C-
19241952,5,C+
84995038,1,C+
84995038,2,B+
84995038,3,C+
84995038,4,B-
47912738,1,A-
47912738,2,B-
47912738,3,B-
47912738,4,B+
37576942,1,B
37576942,2,B
37576942,3,B
37576942,4,B
42536551,1,B+
42536551,2,B-
42536551,3,B-
42536551,4,B+
24964909,1,A-
24964909,2,C
24964909,3,B
24964909,4,B+
45372858,1,D+
45372858,2,C-
45372858,3,B
45372858,4,B-
36779667,1,C
36779667,2,A
36779667,3,B
36779667,4,B+
19325683,1,B-
19325683,2,D+
19325683,3,C-
19325683,4,C
65503087,1,C+
65503087,2,B-
65503087,3,B+
65503087,4,B
89613427,1,B
89613427,2,B
89613427,3,B-
89613427,4,B-
91536074,1,B
91536074,2,B-
91536074,3,A-
91536074,4,F
96407618,1,B+
96407618,2,A
96407618,3,B
96407618,4,C+
67202307,1,B
67202307,2,C
67202307,3,B-
67202307,4,C-
28655044,1,A
28655044,2,A
28655044,3,B+
28655044,4,A
67037149,1,C
67037149,2,C
67037149,3,D+
67037149,4,D-
92045110,1,B+
92045110,2,A
92045110,3,B+
92045110,4,B
46615982,1,B
46615982,2,B
46615982,3,B
46615982,4,C
46615982,5,C
95005268,1,B-
95005268,2,C+
95005268,3,B+
95005268,4,B
56554815,1,B-
56554815,2,B-
56554815,3,B
56554815,4,C
93645706,1,B-
93645706,2,B-
93645706,3,A-
93645706,4,B
93645706,5,C
93645706,6,A
58265141,1,A
58265141,2,A-
58265141,3,A+
58265141,4,A+
84005795,1,C-
84005795,2,C+
84005795,3,C-
84005795,4,D
29841924,1,B
29841924,2,A
29841924,3,B
29841924,4,B
82259283,1,B
82259283,2,B-
82259283,3,A
82259283,4,B-
42616517,1,C
42616517,2,B-
42616517,3,C-
42616517,4,B+
98295386,1,A-
98295386,2,B-
98295386,3,D
98295386,4,C
27068177,1,B-
27068177,2,C
27068177,3,B-
27068177,4,D+
32464417,1,B-
32464417,2,C-
32464417,3,C+
32464417,4,B-
85025206,1,C+
85025206,2,C
85025206,3,C+
85025206,4,D-
24702762,1,B-
24702762,2,D
24702762,3,B-
24702762,4,B-
24702762,5,B+
97102525,1,B-
97102525,2,B
97102525,3,B-
97102525,4,C
91152603,1,C+
91152603,2,B-
91152603,3,C+
91152603,4,C+
92809986,1,C
92809986,2,B
92809986,3,B
92809986,4,B
26958577,1,B+
26958577,2,A
26958577,3,A
26958577,4,A-
11872357,1,C+
11872357,2,B
11872357,3,B+
11872357,4,C+
33235114,1,A-
33235114,2,C+
33235114,3,B+
33235114,4,B+
33235114,5,A
11257306,1,C+
11257306,2,C+
11257306,3,B
11257306,4,B+
51246128,1,B+
51246128,2,B
51246128,3,A
51246128,4,B-
84367472,1,C-
84367472,2,C+
84367472,3,B-
84367472,4,C+
46653499,1,B-
46653499,2,B
46653499,3,C+
46653499,4,A-
46653499,5,B
42527699,1,B-
42527699,2,B
42527699,3,A
42527699,4,A-
62683686,1,B-
62683686,2,A-
62683686,3,B+
62683686,4,B+
96372420,1,C+
96372420,2,C+
96372420,3,D-
96372420,4,C+
87767286,1,A-
87767286,2,A
87767286,3,A
87767286,4,A
19581354,1,B+
19581354,2,A
19581354,3,B+
19581354,4,B+
19581354,5,B+
79519059,1,D+
79519059,2,C+
79519059,3,B
79519059,4,C-
79519059,5,B+
94171862,1,C+
94171862,2,D+
94171862,3,C-
94171862,4,C
94171862,5,B-
34672585,1,C+
34672585,2,C-
34672585,3,C
34672585,4,B-
34672585,5,C-
34672585,6,C+
16834431,1,A
16834431,2,A
16834431,3,A
16834431,4,A-
16834431,5,A
58903699,1,B+
58903699,2,A-
58903699,3,A-
58903699,4,A-
29964976,1,A-
29964976,2,B
29964976,3,A-
29964976,4,A-
58606203,1,B
58606203,2,C-
58606203,3,C+
58606203,4,D+
17641875,1,C+
17641875,2,C+
17641875,3,C-
17641875,4,C+
62791068,1,B
62791068,2,A-
62791068,3,B+
62791068,4,B+
99669819,1,B-
99669819,2,C+
99669819,3,B
99669819,4,B-
38258451,1,C-
38258451,2,B
38258451,3,D
38258451,4,C-
72815287,1,C-
72815287,2,C-
72815287,3,C+
72815287,4,C
33746693,1,A
33746693,2,B
33746693,3,A
33746693,4,A-
47792944,1,B+
47792944,2,B
47792944,3,C+
47792944,4,A
64666436,1,F
64666436,2,A
64666436,3,A-
64666436,4,A+
19608562,1,C-
19608562,2,B+
19608562,3,C-
19608562,4,C+
19608562,5,B+
33049428,1,B+
33049428,2,B
33049428,3,B+
33049428,4,A
37159711,1,C
37159711,2,D+
37159711,3,C-
37159711,4,C+
74940461,1,C-
74940461,2,D-
74940461,3,C+
74940461,4,D+
49963562,1,B
49963562,2,B+
49963562,3,B-
49963562,4,A-
35733007,1,C+
35733007,2,A-
35733007,3,C+
35733007,4,B+
26409405,1,B-
26409405,2,C+
26409405,3,B-
26409405,4,B
16326558,1,B-
16326558,2,C+
16326558,3,B
16326558,4,B
67156213,1,A
67156213,2,B+
67156213,3,B+
67156213,4,A-
73605183,1,B-
73605183,2,C
73605183,3,B
73605183,4,B-
17766148,1,B
17766148,2,B-
17766148,3,B-
17766148,4,A
92919334,1,C
92919334,2,C-
92919334,3,C+
92919334,4,C-
53472541,1,A-
53472541,2,A
53472541,3,B
53472541,4,B+
67247643,1,C+
67247643,2,C-
67247643,3,C+
67247643,4,B-
46240305,1,C
46240305,2,B
46240305,3,B+
46240305,4,C
31107169,1,A
31107169,2,A
31107169,3,A
31107169,4,B
25060198,1,B+
25060198,2,C
25060198,3,A-
25060198,4,B+
76803420,1,B-
76803420,2,B-
76803420,3,C
76803420,4,B
95109514,1,A-
95109514,2,A
95109514,3,A
95109514,4,A
99074198,1,A+
99074198,2,C
99074198,3,B-
99074198,4,B+
58951474,1,B
58951474,2,C+
58951474,3,B
58951474,4,B-
81521573,1,B-
81521573,2,C
81521573,3,B-
81521573,4,D
81521573,5,B-
58322072,1,B+
58322072,2,A
58322072,3,A+
58322072,4,A
15068816,1,A
15068816,2,C+
15068816,3,A-
15068816,4,C+
15068816,5,C+
28940635,1,B+
28940635,2,B-
28940635,3,B-
28940635,4,B
63755568,1,C-
63755568,2,B-
63755568,3,C-
63755568,4,B+
89710071,1,C-
89710071,2,B
89710071,3,C-
89710071,4,B
91527401,1,A-
91527401,2,A
91527401,3,B+
91527401,4,B
91527401,5,A-
92498237,1,B-
92498237,2,B+
92498237,3,C+
92498237,4,B+
33103244,1,B-
33103244,2,B+
33103244,3,A
33103244,4,A-
67882863,1,B
67882863,2,B+
67882863,3,A-
67882863,4,A
67882863,5,A
95829531,1,D
95829531,2,D+
95829531,3,C
95829531,4,C-
13451129,1,D
13451129,2,C-
13451129,3,C-
13451129,4,D+
35909166,1,B+
35909166,2,B-
35909166,3,F
35909166,4,B
81595584,1,C-
81595584,2,C+
81595584,3,B+
81595584,4,B-
75744478,1,B-
75744478,2,D+
75744478,3,F
75744478,4,C
29496116,1,A-
29496116,2,B
29496116,3,B-
29496116,4,B-
88140969,1,C
88140969,2,C-
88140969,3,C+
88140969,4,B-
88140969,5,B-
88140969,6,B
97845151,1,B
97845151,2,B+
97845151,3,B-
97845151,4,B-
97845151,5,C+
42394016,1,B
42394016,2,D+
42394016,3,B-
42394016,4,C
42394016,5,D
42394016,6,C+
31482715,1,C
31482715,2,C-
31482715,3,D
31482715,4,C-
31482715,5,D-
31482715,6,D+
86043760,1,D+
86043760,2,C
86043760,3,B
86043760,4,B-
17653380,1,B-
17653380,2,B
17653380,3,B-
17653380,4,B+
17653380,5,B+
17653380,6,C+
42937509,1,B+
42937509,2,B+
42937509,3,B
42937509,4,B-
42937509,5,B-
42937509,6,B-
22443928,1,B
22443928,2,A
22443928,3,A-
22443928,4,A+
72609869,1,B-
72609869,2,B+
72609869,3,B
72609869,4,B+
71364930,1,B
71364930,2,A
71364930,3,B-
71364930,4,A
44176102,1,B
44176102,2,C+
44176102,3,C+
44176102,4,F
26538956,1,B
26538956,2,B+
26538956,3,F
26538956,4,C+
52234701,1,A-
52234701,2,B+
52234701,3,C+
52234701,4,B+
85417394,1,C+
85417394,2,B-
85417394,3,B
85417394,4,A-
78328602,1,C+
78328602,2,C
78328602,3,C
78328602,4,D
63963455,1,C-
63963455,2,C-
63963455,3,B-
63963455,4,C
94580916,1,F
94580916,2,C-
94580916,3,C+
94580916,4,D-
85769792,1,B+
85769792,2,B-
85769792,3,C+
85769792,4,B+
31151018,1,B-
31151018,2,B
31151018,3,A
31151018,4,B
31151018,5,A-
42621410,1,D+
42621410,2,B
42621410,3,B-
42621410,4,C+
42621410,5,C+
21323879,1,B
21323879,2,A-
21323879,3,B-
21323879,4,A
57981261,1,A+
57981261,2,A
57981261,3,C+
57981261,4,A
11255010,1,B-
11255010,2,C+
11255010,3,A
11255010,4,B
56099513,1,B+
56099513,2,C-
56099513,3,A
56099513,4,B
42287693,1,D
42287693,2,C-
42287693,3,B-
42287693,4,B-
38331675,1,C
38331675,2,D
38331675,3,B-
38331675,4,C-
89185396,1,C+
89185396,2,C+
89185396,3,A-
89185396,4,C
79122885,1,B
79122885,2,A-
79122885,3,A-
79122885,4,C+
65369867,1,B-
65369867,2,D+
65369867,3,C
65369867,4,C+
43172068,1,C+
43172068,2,A
43172068,3,A
43172068,4,A
81847067,1,C-
81847067,2,B-
81847067,3,D+
81847067,4,B-
93094487,1,A-
93094487,2,B+
93094487,3,B+
93094487,4,A
77952968,1,C+
77952968,2,B
77952968,3,A-
77952968,4,B-
94521793,1,B+
94521793,2,B+
94521793,3,C+
94521793,4,B+
59883319,1,C+
59883319,2,B-
59883319,3,B
59883319,4,C+
58926838,1,C-
58926838,2,B-
58926838,3,D
58926838,4,B
81263570,1,B-
81263570,2,C-
81263570,3,C-
81263570,4,C+
22157163,1,C+
22157163,2,B-
22157163,3,B
22157163,4,C
22157163,5,B-
41185985,1,B-
41185985,2,C
41185985,3,C+
41185985,4,C
63108277,1,C-
63108277,2,B-
63108277,3,C
63108277,4,C
63108277,5,C+
46945640,1,A+
46945640,2,A
46945640,3,A-
46945640,4,A-
46945640,5,A
33021337,1,C+
33021337,2,C-
33021337,3,D+
33021337,4,D+
33021337,5,C
34236856,1,B
34236856,2,D
34236856,3,C
34236856,4,C
55357270,1,A-
55357270,2,B+
55357270,3,C+
55357270,4,B
55357270,5,C+
56393645,1,C-
56393645,2,D+
56393645,3,B
56393645,4,A-
56393645,5,B+
48570832,1,A-
48570832,2,A
48570832,3,C+
48570832,4,A-
48570832,5,A-
82345597,1,D-
82345597,2,C-
82345597,3,D+
82345597,4,C
88499094,1,A
88499094,2,A-
88499094,3,A-
88499094,4,B+
69708394,1,C+
69708394,2,B
69708394,3,B-
69708394,4,B-
75767948,1,D+
75767948,2,B
75767948,3,C+
75767948,4,C
73872762,1,D+
73872762,2,C+
73872762,3,B-
73872762,4,A-
73872762,5,C+
58229645,1,C
58229645,2,D+
58229645,3,B-
58229645,4,D+
58229645,5,C+
99515165,1,B
99515165,2,F
99515165,3,C-
99515165,4,C+
18794832,1,F
18794832,2,A
18794832,3,B-
18794832,4,B+
78548513,1,C+
78548513,2,D+
78548513,3,C
78548513,4,C+
78548513,5,C
79796595,1,A+
79796595,2,A
79796595,3,A
79796595,4,B+
57986737,1,A
57986737,2,B+
57986737,3,A
57986737,4,B
57986737,5,A-
33709900,1,B
33709900,2,B
33709900,3,C
33709900,4,C
73346580,1,D+
73346580,2,B-
73346580,3,B
73346580,4,B
72152763,1,B
72152763,2,C
72152763,3,B-
72152763,4,C
72152763,5,B
32421918,1,C
32421918,2,C
32421918,3,B
32421918,4,C+
32421918,5,C+
69681959,1,A
69681959,2,B+
69681959,3,B+
69681959,4,B
75950598,1,C-
75950598,2,B+
75950598,3,B-
75950598,4,C+
29611104,1,A
29611104,2,C+
29611104,3,B
29611104,4,B+
27390099,1,D-
27390099,2,C-
27390099,3,F
27390099,4,D+
16103809,1,C+
16103809,2,A
16103809,3,B+
16103809,4,A-
98563152,1,B-
98563152,2,C-
98563152,3,B-
98563152,4,C+
23726190,1,A-
23726190,2,A
23726190,3,A
23726190,4,A+
45749627,1,C+
45749627,2,C+
45749627,3,F
45749627,4,B-
45749627,5,B+
47440166,1,C
47440166,2,D+
47440166,3,B
47440166,4,C+
47440166,5,C
71242588,1,A+
71242588,2,A+
71242588,3,A
71242588,4,A
41844690,1,A
41844690,2,A-
41844690,3,A
41844690,4,A-
27841597,1,B
27841597,2,A-
27841597,3,C+
27841597,4,A-
16562855,1,B-
16562855,2,C+
16562855,3,A-
16562855,4,A
16562855,5,A
62572472,1,C
62572472,2,C
62572472,3,A-
62572472,4,C-
86952065,1,B+
86952065,2,B+
86952065,3,A-
86952065,4,B-
87167984,1,B-
87167984,2,C+
87167984,3,C
87167984,4,C-
62696838,1,B-
62696838,2,B+
62696838,3,C+
62696838,4,B-
67531247,1,A
67531247,2,B+
67531247,3,B-
67531247,4,A-
46036560,1,B
46036560,2,A-
46036560,3,B+
46036560,4,A+
38641706,1,C-
38641706,2,C
38641706,3,D+
38641706,4,C
38641706,5,C+
97923738,1,C
97923738,2,C+
97923738,3,C+
97923738,4,B-
97923738,5,B
76137560,1,C
76137560,2,D
76137560,3,C-
76137560,4,C-
76847195,1,A-
76847195,2,A
76847195,3,A
76847195,4,B+
76847195,5,C+
41187721,1,C
41187721,2,C
41187721,3,C-
41187721,4,C+
53145549,1,A
53145549,2,A-
53145549,3,B+
53145549,4,C
79621722,1,B-
79621722,2,C
79621722,3,B
79621722,4,C
64330550,1,C-
64330550,2,D
64330550,3,C+
64330550,4,C+
18459684,1,B-
18459684,2,B
18459684,3,C+
18459684,4,D
44044048,1,A-
44044048,2,B
44044048,3,B-
44044048,4,B+
44044048,5,C
71993721,1,A
71993721,2,B
71993721,3,B
71993721,4,A
71993721,5,A+
36976535,1,C+
36976535,2,D+
36976535,3,B
36976535,4,B
69880184,1,A+
69880184,2,B-
69880184,3,A-
69880184,4,B+
24696182,1,B+
24696182,2,A-
24696182,3,B+
24696182,4,B
24696182,5,B+
27997452,1,C-
27997452,2,B-
27997452,3,B+
27997452,4,D
94548047,1,C+
94548047,2,A
94548047,3,B-
94548047,4,C
21111265,1,B-
21111265,2,B-
21111265,3,B-
21111265,4,B-
79702163,1,B
79702163,2,B
79702163,3,B
79702163,4,B-
73855688,1,A
73855688,2,B
73855688,3,B
73855688,4,C+
74131081,1,A
74131081,2,B
74131081,3,A+
74131081,4,A-
48275895,1,B+
48275895,2,C-
48275895,3,F
48275895,4,B
45630836,1,C
45630836,2,C
45630836,3,B-
45630836,4,C
19147491,1,B
19147491,2,B-
19147491,3,A
19147491,4,C+
97647549,1,A
97647549,2,B
97647549,3,A
97647549,4,C+
97647549,5,B
38517140,1,C+
38517140,2,C-
38517140,3,C
38517140,4,D-
35196902,1,D
35196902,2,C
35196902,3,C-
35196902,4,C-
35196902,5,B
58909170,1,C+
58909170,2,C
58909170,3,D+
58909170,4,C-
58909170,5,C+
58909170,6,B-
69894109,1,B+
69894109,2,B
69894109,3,A-
69894109,4,C+
42132950,1,B+
42132950,2,A-
42132950,3,B-
42132950,4,A-
